H,Runs_renamed_renamed_renamed,HsHD,Ave_renamed_renamed_renamed,BF_renamed_renamed_renamed,SR_renamed_renamed_renamed,100_renamed_renamed_renamed,50_renamed_renamed_renamed,0_renamed_renamed_renamed,4s_renamed_renamed_renamed,6s_renamed_renamed_renamed
V Kohli,2633,94,52.66,1907,138.07,0,24,2,247,71
R Sharma,2633,118,32.1,1905,138.21,4,19,6,234,120
M Guptill,2436,105,33.36,1810,134.58,2,15,2,215,113
S Malik,2263,75,30.58,1824,124.06,0,7,1,186,61
D Warner,2079,100,30.57,1476,140.85,1,15,5,203,86
E Morgan,2002,91,29.88,1475,135.72,0,11,3,151,96
M Shahzad,1936,118,31.22,1436,134.81,1,12,3,218,72
J Duminy,1934,96,38.68,1532,126.24,0,11,6,138,71
P Stirling,1929,91,29.67,1401,137.68,0,16,8,233,59
M Hafeez,1908,86,24.46,1643,116.12,0,10,6,196,51
A Finch,1878,172,38.32,1200,156.5,2,11,4,182,90
L Taylor,1743,63,25.63,1430,121.88,0,5,5,110,65
U Akmal,1690,94,26.0,1377,122.73,0,8,10,122,55
A Villiers,1672,79,26.12,1237,135.16,0,10,5,140,60
H Masakadza,1662,93,25.96,1418,117.2,0,11,1,151,65
A Hales,1644,116,31.01,1203,136.65,1,8,4,175,55
C Gayle,1627,117,32.54,1139,142.84,2,13,3,138,105
M Dhoni,1617,56,37.6,1282,126.13,0,2,1,116,52
T Iqbal,1613,103,23.04,1383,116.63,1,6,6,174,41
M Samuels,1611,89,29.29,1386,116.23,0,10,0,144,69
S Raina,1605,101,29.18,1190,134.87,1,5,3,145,58
G Maxwell,1576,145,35.02,985,160.0,3,7,1,133,81
S Hasan,1567,84,23.74,1266,123.77,0,9,5,163,33
C Munro,1546,109,30.92,966,160.04,3,9,5,114,100
K Williamson,1505,73,31.35,1236,121.76,0,9,2,158,26
S Dhawan,1504,92,27.85,1173,128.21,0,9,1,166,46
K O'Brien,1504,124,20.6,1124,133.8,1,3,10,117,69
A Shehzad,1471,111,25.8,1282,114.74,1,7,2,157,33
M Mahmudullah,1430,64,23.83,1166,122.64,0,4,2,113,48
S Afridi,1416,54,17.92,944,150.0,0,4,8,103,73
B Azam,1405,97,50.17,1102,127.49,0,12,0,139,20
K Coetzer,1386,89,25.66,1136,122.0,0,6,3,144,45
F Plessis,1363,119,35.86,1006,135.48,1,8,0,126,45
M Nabi,1316,89,22.3,902,145.89,0,4,4,83,78
D Miller,1309,101,29.75,935,140.0,1,2,0,91,57
H Amla,1277,97,33.6,967,132.05,0,8,2,146,26
M Rahim,1265,72,20.07,1060,119.33,0,5,5,110,31
J Buttler,1260,73,26.8,912,138.15,0,7,3,102,53
R Berrington,1247,100,28.34,967,128.95,1,3,6,117,36
G Wilson,1239,65,21.73,1185,104.55,0,3,4,105,20
Y Singh,1177,77,28.02,863,136.38,0,8,1,77,74
M Perera,1171,84,27.88,867,135.06,0,11,0,114,41
N Perera,1169,61,23.85,767,152.41,0,3,8,87,62
A Afghan,1167,62,20.83,1102,105.89,0,3,4,69,58
K Rahul,1138,110,43.76,777,146.46,2,8,1,102,50
B Cooper,1094,91,28.05,890,122.92,0,7,5,96,36
W Porterfield,1079,72,20.35,971,111.12,0,3,5,120,23
K Pollard,1058,68,23.0,819,129.18,0,4,1,69,61
A Mathews,1055,81,27.05,893,118.14,0,5,1,67,35
C MacLeod,1042,74,26.05,905,115.13,0,7,4,93,21
Q Kock,1018,79,30.84,787,129.35,0,4,3,117,32
L Simmons,990,82,24.14,848,116.74,0,6,6,92,37
K Akmal,987,73,21.0,825,119.63,0,5,7,100,31
H Munsey,987,127,29.9,640,154.21,1,5,4,114,45
S Shinwari,985,61,21.88,829,118.81,0,2,2,73,37
S Anwar,971,117,33.48,770,126.1,1,6,1,75,43
S Rahman,946,80,24.89,783,120.81,0,4,2,89,28
N Zadran,918,69,30.6,663,138.46,0,3,1,60,48
J Root,893,90,35.72,707,126.3,0,5,2,92,16
M O'Dowd,866,69,26.24,718,120.61,0,6,0,83,19
E Chigumbura,852,54,19.36,597,142.71,0,3,6,58,51
E Lewis,833,125,30.85,544,153.12,2,5,3,54,67
S Williams,821,66,24.87,630,130.31,0,6,4,75,24
B Taylor,818,75,24.78,678,120.64,0,5,5,81,23
S Ahmed,812,89,28.0,641,126.67,0,3,2,79,15
L Chandimal,800,58,18.6,766,104.43,0,4,0,73,16
W Barresi,799,75,22.82,695,114.96,0,4,3,69,21
S Sarkar,791,51,17.19,648,122.06,0,1,8,81,28
A Balbirnie,790,83,25.48,593,133.22,0,4,3,94,12
P Khadka,777,106,29.88,602,129.06,1,4,3,79,26
A Fletcher,765,84,21.25,707,108.2,0,6,6,54,37
F Zaman,756,91,22.9,553,136.7,0,4,2,86,22
M Cross,755,66,26.03,593,127.31,0,5,3,77,22
J Roy,743,78,23.21,512,145.11,0,4,4,75,35
S Myburgh,741,71,24.7,635,116.69,0,5,6,82,22
C Kapugedera,703,50,22.67,591,118.95,0,1,0,58,25
M Usman,695,89,25.74,593,117.2,0,3,3,61,21
C Obuya,691,75,25.59,649,106.47,0,4,3,47,17
T Ura,671,107,37.27,476,140.96,1,4,0,54,31
P Borren,638,57,19.33,524,121.75,0,1,2,60,18
D Ramdin,636,55,18.7,551,115.42,0,1,3,51,19
C Chibhabha,621,67,19.4,570,108.94,0,5,3,72,12
M Waller,613,68,26.65,443,138.37,0,1,2,42,28
R Mustafa,605,77,16.8,521,116.12,0,2,4,71,17
J Bairstow,603,68,26.21,450,134.0,0,3,2,56,25
J Singh,599,68,26.04,535,111.96,0,3,1,63,6
R Hendricks,593,74,26.95,487,121.76,0,4,2,71,8
D Short,592,76,32.88,490,120.81,0,4,1,66,15
M Pandey,587,79,39.13,478,122.8,0,2,2,40,16
D Sammy,587,42,17.26,398,147.48,0,0,3,45,31
P Collingwood,583,79,18.8,459,127.01,0,3,3,37,24
S Smith,577,90,27.47,448,128.79,0,4,1,53,12
N Khan,576,62,18.0,478,120.5,0,2,4,51,19
Z Maqsood,542,56,25.8,481,112.68,0,2,2,66,12
B Hayat,541,122,27.05,433,124.94,1,2,2,45,20
K Sadiq,538,72,14.94,493,109.12,0,1,4,61,10
R Doeschate,533,59,44.41,400,133.25,0,3,1,27,19
R Patel,526,55,23.9,414,127.05,0,3,1,31,31
H Zazai,519,162,43.25,319,162.69,1,2,1,46,37
F Behardien,518,64,32.37,404,128.21,0,1,1,37,16
N Zadran,506,63,26.63,497,101.81,0,3,1,45,6
N Mangal,505,65,18.03,453,111.47,0,2,4,42,19
L Das,497,61,19.88,360,138.05,0,2,2,44,22
S Shafiqullah,494,51,16.46,340,145.29,0,1,5,35,31
C Anderson,485,94,24.25,351,138.17,0,2,3,30,26
G Malla,482,107,20.95,389,123.9,1,1,1,46,21
C Grandhomme,479,59,19.95,321,149.22,0,3,3,27,29
T Visee,478,78,17.7,316,151.26,0,3,4,65,17
M Chapman,475,63,22.61,416,114.18,0,1,0,38,13
G Bailey,473,63,24.89,346,136.7,0,2,1,37,20
B Mendis,473,79,19.7,353,133.99,0,5,2,40,21
G Naib,472,56,17.48,393,120.1,0,1,3,33,22
A Russell,465,47,17.88,329,141.33,0,0,6,30,32
P Seelaar,464,96,16.0,423,109.69,0,1,1,31,8
C Ervine,461,68,23.05,454,101.54,0,3,1,43,13
A Vala,460,68,23.0,427,107.72,0,2,0,39,13
D Malan,458,103,57.25,293,156.31,1,5,0,47,20
R Merwe,454,75,26.7,345,131.59,0,2,4,36,13
K Ali,453,50,16.17,482,93.98,0,1,2,48,12
M Gunathilaka,452,57,21.52,365,123.83,0,2,0,49,12
R Shahzad,449,54,24.94,404,111.13,0,1,2,37,13
U Ghani,445,73,24.72,407,109.33,0,3,0,44,12
N Kumar,434,83,31.0,336,129.16,0,3,1,34,13
M Shanaka,434,54,15.5,386,112.43,0,1,7,29,24
N Dickwella,429,68,19.5,309,138.83,0,1,2,57,8
M Tanveer,428,57,38.9,331,129.3,0,4,0,36,22
S Aziz,415,87,34.58,297,139.73,0,4,2,43,16
R Pant,409,65,20.45,336,121.72,0,2,3,28,18
A Ilyas,408,60,22.66,356,114.6,0,2,1,47,7
T David,408,77,37.09,274,148.9,0,2,0,36,17
M Erasmus,407,72,37.0,293,138.9,0,4,0,33,20
W Tharanga,407,47,16.28,330,123.33,0,0,3,42,12
S Raza,406,59,13.53,384,105.72,0,1,0,34,8
K Karthik,399,48,33.25,278,143.52,0,0,2,42,15
R Cheema,389,72,17.68,314,123.88,0,2,5,33,28
S Baard,387,92,35.18,305,126.88,0,4,1,32,13
A Obanda,381,79,14.65,362,105.24,0,1,5,49,7
C Amini,377,60,26.92,324,116.35,0,2,2,16,13
M Mortaza,377,36,13.46,277,136.1,0,0,6,28,23
J Rasu,374,74,28.76,338,110.65,0,2,0,27,16
H Talat,371,63,28.53,309,120.06,0,2,1,35,5
J Jenner,365,71,24.33,299,122.07,0,3,2,24,14
P Moor,364,92,24.26,286,127.27,0,1,0,22,24
N Dhaliwal,361,69,40.11,291,124.05,0,3,0,22,16
L Ronchi,359,51,17.95,256,140.23,0,1,5,30,14
R Sandaruwan,358,103,39.77,216,165.74,1,2,2,29,24
S Bau,356,40,25.42,338,105.32,0,0,1,21,11
K Shah,351,79,18.47,340,103.23,0,2,3,26,10
S Billings,348,87,17.4,255,136.47,0,2,1,33,11
S Chandramohan,348,66,31.63,292,119.17,0,3,3,33,15
D Bravo,340,43,20.0,317,107.25,0,0,3,28,13
J Vince,340,59,28.33,275,123.63,0,1,0,34,9
N Davin,335,54,22.33,216,155.09,0,1,1,33,15
S Edwards,334,42,23.85,229,145.85,0,0,1,33,6
A Ali,331,41,18.38,258,128.29,0,0,1,15,19
F Javed,330,61,22.0,212,155.66,0,2,1,45,11
S Thompson,328,56,14.9,254,129.13,0,1,1,23,14
A Kaleem,325,46,18.05,306,106.2,0,0,4,26,9
A Rath,321,44,18.88,344,93.31,0,0,1,31,2
N Vanua,321,54,22.92,211,152.13,0,1,4,12,23
T Head,319,48,26.58,245,130.2,0,0,0,19,10
T Seifert,316,84,18.58,228,138.59,0,1,2,22,21
B Stevens,316,44,19.75,315,100.31,0,0,1,30,6
G Delany,314,89,26.16,206,152.42,0,2,0,28,12
N Nipiko,312,62,26.0,297,105.05,0,2,1,16,13
N Pooran,312,58,24.0,247,126.31,0,2,1,24,17
R Powell,311,54,20.73,250,124.4,0,2,1,26,13
V Singh,311,57,25.91,309,100.64,0,1,1,27,7
C Brathwaite,310,37,14.76,274,113.13,0,0,3,13,22
H Pandya,310,33,16.31,210,147.61,0,0,2,18,19
S Vesawkar,310,40,23.84,313,99.04,0,0,0,25,7
N Ferraby,303,81,23.3,257,117.89,0,1,2,38,2
T Sajjad,301,68,33.44,216,139.35,0,1,1,24,14
L Siaka,296,39,14.8,271,109.22,0,0,4,26,7
K Khan,295,52,22.69,220,134.09,0,2,0,26,17
R Mutumbami,294,54,19.6,251,117.13,0,1,1,19,15
B Bhandari,292,58,17.17,262,111.45,0,2,1,23,12
C Lynn,291,44,19.4,221,131.67,0,0,1,28,14
D Airee,287,47,20.5,260,110.38,0,0,0,22,6
I Karim,286,71,22.0,299,95.65,0,2,2,30,2
M Shahzad,281,52,15.61,239,117.57,0,1,2,25,11
T Bruce,279,59,21.46,222,125.67,0,2,0,24,7
S Hetmyer,279,56,16.41,223,125.11,0,1,2,19,17
T Siriwardana,275,42,17.18,208,132.21,0,0,4,16,12
A Javed,271,76,18.06,242,111.98,0,1,1,17,15
R Singh,266,101,33.25,177,150.28,1,1,1,13,19
P Matautaava,265,103,26.5,156,169.87,1,1,2,19,20
S Taylor,265,72,37.85,207,128.01,0,2,1,28,10
M Santner,263,37,15.47,205,128.29,0,0,3,22,7
I Wasim,261,47,13.05,180,145.0,0,0,6,28,7
D Rawlins,261,63,23.72,201,129.85,0,1,1,23,15
A Idrees,259,80,43.16,157,164.96,0,3,0,35,9
N Tarakai,258,90,21.5,210,122.85,0,1,1,21,13
D Silva,257,62,19.76,252,101.98,0,1,0,18,4
M Singh,255,42,23.18,222,114.86,0,0,0,15,5
R Burl,254,57,25.4,221,114.93,0,1,0,16,10
H Dussen,254,64,31.75,192,132.29,0,2,1,14,12
W Barkat,254,37,14.11,286,88.81,0,0,2,20,0
S Mire,253,94,31.62,196,129.08,0,2,0,23,13
G Dockrell,251,34,13.21,207,121.25,0,0,4,14,7
C Williams,249,68,27.66,210,118.57,0,1,1,15,10
J Kotze,245,101,22.27,193,126.94,1,0,1,21,13
M Rishwan,245,67,24.5,245,100.0,0,2,0,22,10
C Ackermann,243,43,30.37,196,123.97,0,0,0,18,5
M Kashif,242,53,48.4,215,112.55,0,2,0,14,13
M Leask,240,58,12.0,199,120.6,0,1,2,16,12
S Poynter,240,39,16.0,213,112.67,0,0,0,22,6
A Khan,239,31,11.95,234,102.13,0,0,4,19,4
A Ahmed,238,75,19.83,185,128.64,0,3,2,32,6
S Hope,238,55,21.63,175,136.0,0,2,1,24,10
M Ali,235,72,14.68,198,118.68,0,1,6,21,9
F Couana,233,71,38.83,179,130.16,0,1,0,16,14
H Tector,233,60,25.88,176,132.38,0,1,0,20,5
B Stokes,232,38,15.46,178,130.33,0,0,1,20,9
H Gori,231,66,33.0,176,131.25,0,1,0,23,12
M Rizlan,229,38,32.71,218,105.04,0,0,0,14,10
R Gurbaz,227,79,32.42,164,138.41,0,2,2,19,13
C Bisson,226,54,18.83,177,127.68,0,1,3,24,5
S Iyer,226,62,22.6,178,126.96,0,1,1,18,9
I Udana,226,84,22.6,152,148.68,0,1,2,15,13
D Gunaratne,225,84,25.0,178,126.4,0,2,2,19,6
I Inam-ul-Haq,225,73,25.0,205,109.75,0,1,1,28,2
G Jayasuriya,225,40,16.07,203,110.83,0,0,0,17,8
S Sharif,225,53,22.5,171,131.57,0,1,2,32,5
C Walton,225,40,13.23,203,110.83,0,0,5,23,11
D Blampied,221,43,24.55,222,99.54,0,0,1,14,0
T Southee,220,39,12.22,150,146.66,0,0,4,14,15
C Jordan,216,36,15.42,166,130.12,0,0,2,16,11
M Rippon,216,42,30.85,192,112.5,0,0,2,15,3
K Kulasekara,215,31,10.23,184,116.84,0,0,4,14,7
E Munaweera,215,53,17.91,164,131.09,0,1,1,25,7
B Ward,215,58,23.88,160,134.37,0,1,1,8,15
S Prasanna,214,37,15.28,161,132.91,0,0,0,13,13
S Wickramasekara,214,104,71.33,104,205.76,1,1,0,17,19
H Arshad,211,68,30.14,154,137.01,0,1,0,15,7
H Sohail,210,52,19.09,204,102.94,0,2,1,16,3
K Nawaz,210,58,21.0,179,117.31,0,1,0,11,10
B Zalmai,208,111,69.33,109,190.82,1,0,0,16,16
G Shabber,208,58,18.9,182,114.28,0,1,0,24,4
B Perera,208,67,34.66,144,144.44,0,1,0,23,8
B Mendis,207,43,18.81,174,118.96,0,0,1,18,6
J Smit,206,59,25.75,128,160.93,0,1,0,10,14
A Faiz,202,45,22.44,179,112.84,0,0,0,14,6
J Butler,201,65,28.71,214,93.92,0,1,0,20,1
K Leverock,201,43,20.1,165,121.81,0,0,3,16,11
D Gondaria,199,85,28.42,157,126.75,0,1,0,12,6
R Panchal,199,71,39.8,185,107.56,0,1,0,9,7
S Kami,198,40,15.23,176,112.5,0,0,1,15,7
S Tanvir,196,41,11.52,164,119.51,0,0,2,16,9
Y Ali,196,57,32.66,183,107.1,0,1,1,11,9
A Sheikh,194,39,24.25,181,107.18,0,0,0,18,4
S Davizi,192,101,96.0,133,144.36,1,1,0,14,10
R Rohan,191,49,19.1,156,122.43,0,0,1,23,6
A Hassan,189,53,18.9,192,98.43,0,1,0,18,2
J Neesham,185,42,16.81,131,141.22,0,0,1,19,8
U Adam,185,53,20.55,149,124.16,0,1,1,19,6
X Marshall,183,36,14.07,185,98.91,0,0,2,13,6
M Hossain,183,34,20.33,173,105.78,0,0,1,10,5
M Rizwan,180,33,16.36,184,97.82,0,0,1,14,2
C Tommy,180,47,16.36,191,94.24,0,0,2,6,8
C Meschede,179,67,44.75,115,155.65,0,1,1,9,14
K Shah,176,72,29.33,170,103.52,0,1,1,21,4
M Naveed,176,27,12.57,147,119.72,0,0,3,17,8
M Marsh,175,36,21.87,151,115.89,0,0,0,7,9
K KC,173,40,15.72,126,137.3,0,0,2,9,12
N Sarwar,172,47,57.33,128,134.37,0,0,1,16,6
H Shah,172,40,21.5,168,102.38,0,0,0,18,2
G Elliott,171,27,15.54,157,108.91,0,0,0,12,2
S Singh,169,57,11.26,144,117.36,0,1,5,12,6
D Willey,166,29,13.83,126,131.74,0,0,1,8,10
T Sharma,164,49,23.42,160,102.5,0,0,1,12,6
R Jadeja,163,25,11.64,165,98.78,0,0,2,7,4
T Latham,163,39,16.3,157,103.82,0,0,0,12,2
P Hennessy,162,71,23.14,132,122.72,0,1,1,11,7
N Param,160,72,32.0,118,135.59,0,1,0,12,6
R Chakabva,159,48,14.45,134,118.65,0,0,4,12,7
J Faulkner,159,41,14.45,138,115.21,0,0,0,7,5
M Henriques,159,62,31.8,122,130.32,0,2,0,8,7
A Mansale,159,38,11.35,151,105.29,0,0,4,14,5
M Arief,159,52,39.75,114,139.47,0,1,0,18,4
H Carlyon,156,50,19.5,131,119.08,0,1,1,21,3
H Klaasen,156,69,22.28,107,145.79,0,1,0,8,11
S Narine,155,30,10.33,138,112.31,0,0,2,13,5
N Greenwood,154,43,19.25,128,120.31,0,0,1,15,2
M Adair,152,38,15.2,118,128.81,0,0,1,8,7
N Collins,151,56,30.2,164,92.07,0,2,0,10,0
H Rutherford,151,62,21.57,105,143.8,0,1,1,12,9
N Coulter-Nile,150,34,13.63,120,125.0,0,0,3,10,10
I Ahmed,150,62,75.0,104,144.23,0,1,0,14,4
R Khan,149,33,13.54,124,120.16,0,0,4,9,9
V Chikkannaiah,148,70,24.66,167,88.62,0,1,0,10,2
W Fernando,148,37,14.8,156,94.87,0,0,1,9,3
O Bascome,147,37,13.36,147,100.0,0,0,1,12,8
C Wallace,146,27,18.25,122,119.67,0,0,1,14,2
K Janat,145,26,13.18,140,103.57,0,0,2,11,6
W Riaz,145,30,13.18,118,122.88,0,0,2,10,6
M Klinger,143,62,47.66,112,127.67,0,1,0,12,2
M Naim,143,81,47.66,107,133.64,0,1,0,17,3
E Khan,142,42,35.5,128,110.93,0,0,0,9,7
K Paul,142,29,20.28,123,115.44,0,0,0,8,8
U Amin,142,47,15.77,123,115.44,0,0,3,15,4
F Afzal,141,59,20.14,140,100.71,0,1,0,11,6
S Ali,141,59,35.25,87,162.06,0,1,0,17,8
S Periyalwar,140,105,70.0,91,153.84,1,0,1,15,6
G Phillips,140,56,15.55,140,100.0,0,1,0,9,5
S Pokhriyal,140,79,35.0,131,106.87,0,1,0,23,2
R Shah,140,53,70.0,108,129.62,0,1,0,8,8
A Douglas,138,47,17.25,131,105.34,0,0,0,10,8
L Ferbrache,138,55,17.25,142,97.18,0,1,0,6,3
H Patel,137,44,27.4,104,131.73,0,0,0,17,3
R Tari,137,28,15.22,117,117.09,0,0,2,6,5
Y Ebrahim,137,72,68.5,97,141.23,0,1,0,14,5
M Stoinis,136,33,15.11,117,116.23,0,0,1,14,2
F Khan,134,83,44.66,56,239.28,0,1,1,13,10
N Pathan,134,54,44.66,106,126.41,0,1,0,8,7
F Ashraf,133,21,11.08,110,120.9,0,0,4,7,8
C Morris,133,55,14.77,102,130.39,0,1,3,12,5
A Ahmed,131,102,65.5,101,129.7,1,0,0,6,6
P Rajapaksa,131,77,32.75,95,137.89,0,1,0,7,9
D D'Silva,130,29,32.5,146,89.04,0,0,1,9,0
S McKechnie,130,44,18.57,137,94.89,0,0,1,9,1
C Mutombodzi,129,32,14.33,133,96.99,0,0,2,9,2
S Malinga,128,27,7.11,153,83.66,0,0,6,9,4
H Walsh,128,28,16.0,129,99.22,0,0,0,8,3
M Stokes,127,29,18.14,152,83.55,0,0,0,10,0
N Shahzad,126,53,126.0,97,129.89,0,1,0,4,10
J Smuts,126,45,15.75,114,110.52,0,0,1,14,5
A Carey,125,37,13.88,101,123.76,0,0,0,10,4
A Mangal,124,40,20.66,78,158.97,0,0,0,10,8
M Asghar,124,45,31.0,91,136.26,0,0,0,13,5
S Muniandy,124,27,13.77,103,120.38,0,0,2,7,7
B Pai,124,52,31.0,141,87.94,0,1,0,6,1
R Ashwin,123,31,30.75,115,106.95,0,0,0,14,1
S Sharif,123,26,13.66,100,123.0,0,0,2,8,3
A Hawkins-Kay,122,27,15.25,136,89.7,0,0,1,8,0
K Jadhav,122,58,20.33,99,123.23,0,1,0,12,3
M Syahadat,122,41,20.33,102,119.6,0,0,0,9,6
C Onwuzulike,122,46,15.25,126,96.82,0,0,2,5,5
S Khan,122,29,13.55,96,127.08,0,0,2,6,6
D Bracewell,121,44,24.2,83,145.78,0,0,2,6,9
K Pandya,121,26,24.2,92,131.52,0,0,0,8,6
I Kayes,119,36,9.15,134,88.8,0,0,4,14,3
A Onikoyi,119,49,14.87,144,82.63,0,0,1,8,4
S Cheema,118,47,23.6,97,121.64,0,0,0,12,5
J Taylor,118,21,13.11,92,128.26,0,0,1,10,6
M Khan,117,29,10.63,106,110.37,0,0,1,7,5
M Mithun,117,47,11.7,125,93.6,0,0,2,9,4
N Khushi,117,29,19.5,77,151.94,0,0,2,6,8
H Singh,117,44,39.0,102,114.7,0,0,0,6,3
A Dutta,116,33,14.5,114,101.75,0,0,0,8,5
K Motlhanka,115,59,16.42,123,93.49,0,1,0,11,2
S Sohail,115,33,115.0,97,118.55,0,0,0,10,2
K Dasan,114,74,38.0,108,105.55,0,1,0,10,2
S Kaveri,114,43,22.8,146,78.08,0,0,0,9,1
W Parnell,114,29,28.5,96,118.75,0,0,0,10,3
C Suri,113,44,18.83,121,93.38,0,0,0,10,2
M Abdulla,112,42,37.33,100,112.0,0,0,0,11,2
F Ahmed,112,62,56.0,72,155.55,0,1,1,6,8
J Malhotra,112,38,18.66,104,107.69,0,0,0,12,2
M Boota,112,20,14.0,100,112.0,0,0,1,7,5
M Muhammad,112,30,16.0,135,82.96,0,0,0,5,3
J Holder,111,26,12.33,84,132.14,0,0,2,10,4
I Butt,111,58,27.75,101,109.9,0,2,2,5,6
J Shannon,111,60,13.87,84,132.14,0,1,1,12,5
A Lark,110,43,27.5,121,90.9,0,0,1,15,0
T Gugten,109,40,15.57,81,134.56,0,0,1,4,6
M Saifuddin,108,39,18.0,95,113.68,0,0,0,9,3
O Bascome,107,22,10.7,117,91.45,0,0,0,12,3
S Ngoche,107,38,8.23,118,90.67,0,0,2,5,4
G Thompson,107,44,15.28,108,99.07,0,0,2,14,1
V Vijh,107,64,53.5,119,89.91,0,1,0,13,1
K Doriga,106,43,10.6,103,102.91,0,0,0,3,3
N Maiolo,106,39,17.66,104,101.92,0,0,0,11,2
M Dai,105,31,13.12,128,82.03,0,0,0,4,0
O Hairs,105,26,15.0,64,164.06,0,0,2,4,10
N Laegsgaard,105,39,15.0,96,109.37,0,0,0,11,2
M Mosehle,105,36,21.0,65,161.53,0,0,0,6,9
M Bhavsar,104,38,17.33,88,118.18,0,0,0,10,1
L Dunbar,104,104,104.0,62,167.74,1,0,1,5,10
S Ahmed,104,37,11.55,83,125.3,0,0,3,14,0
R Abdul,102,37,51.0,103,99.02,0,0,0,7,3
S Kumar,102,42,14.57,89,114.6,0,0,0,9,3
L Tucker,102,22,10.2,99,103.03,0,0,1,10,1
A Uddin,101,40,33.66,53,190.56,0,0,0,11,5
M Cooray,101,56,50.5,77,131.16,0,1,0,12,3
S Jora,101,53,20.2,83,121.68,0,1,1,5,4
A Lalcheta,101,20,12.62,82,123.17,0,0,0,9,4
M Nurji,101,36,50.5,59,171.18,0,0,0,8,6
T Perera,101,30,16.83,127,79.52,0,0,0,16,0
V Shankar,101,43,25.25,73,138.35,0,0,0,11,5
H Tariq,100,33,10.0,82,121.95,0,0,2,4,5
T Maruma,100,23,11.11,109,91.74,0,0,1,6,4
B Stephenson,100,48,33.33,72,138.88,0,0,0,9,7
B Dunk,99,32,19.8,69,143.47,0,0,0,8,6
B Leede,98,33,16.33,114,85.96,0,0,0,4,2
I Bhima,98,52,24.5,88,111.36,0,1,2,13,2
J Prakash,98,25,12.25,78,125.64,0,0,2,9,3
B McDermott,98,32,14.0,105,93.33,0,0,2,6,2
T Musakanda,98,43,16.33,80,122.5,0,0,2,7,2
B Fernando,97,78,48.5,73,132.87,0,1,0,10,3
D Mitchell,97,30,16.16,79,122.78,0,0,0,5,4
A Ramly,97,33,13.85,59,164.4,0,0,1,3,9
S Samarawickrama,97,32,13.85,93,104.3,0,0,1,9,0
A Staal,97,28,16.16,79,122.78,0,0,2,5,5
G Strydom,97,49,16.16,89,108.98,0,0,2,6,5
Z Ibrahim,97,27,12.12,89,108.98,0,0,2,7,5
A Raza,96,22,13.71,123,78.04,0,0,1,2,4
R Shigiwal,96,53,32.0,78,123.07,0,1,0,3,8
M Udawatte,96,25,12.0,87,110.34,0,0,2,10,2
S Purat,95,88,47.5,53,179.24,0,1,1,8,7
H Jordaan,94,37,31.33,107,87.85,0,0,0,8,0
M Miraz,94,19,10.44,80,117.5,0,0,2,7,4
J Tucker,94,50,23.5,97,96.9,0,1,0,11,1
J Cutinho,93,46,31.0,98,94.89,0,0,0,7,4
W Ghauri,93,44,31.0,80,116.25,0,0,0,10,2
J Denly,92,30,11.5,93,98.92,0,0,2,11,1
A Arudin,91,32,7.58,98,92.85,0,0,3,10,2
J Mohammed,90,23,18.0,103,87.37,0,0,1,9,1
M Naeem,90,42,45.0,91,98.9,0,0,1,7,1
S Adedeji,89,51,22.25,114,78.07,0,1,1,5,2
M Nadeem,89,29,8.9,106,83.96,0,0,1,7,0
A Otwani,89,44,22.25,78,114.1,0,0,0,13,1
A Ferguson,88,51,44.0,100,88.0,0,1,0,5,1
N Madziva,88,28,17.6,80,110.0,0,0,1,4,5
M Haque,88,38,22.0,62,141.93,0,0,0,5,6
Z Shah,88,50,22.0,87,101.14,0,1,0,7,1
P Airee,87,29,7.9,93,93.54,0,0,4,10,1
S Getkate,87,24,8.7,73,119.17,0,0,1,4,4
R Iqbal,87,39,17.4,89,97.75,0,0,0,13,0
A Gandhi,86,50,43.0,98,87.75,0,1,0,5,1
D Michael,85,55,28.33,82,103.65,0,1,1,1,6
A Nurse,85,20,42.5,71,119.71,0,0,0,7,3
M Patel,85,26,12.14,88,96.59,0,0,0,6,4
N Khosla,84,27,21.0,95,88.42,0,0,0,3,2
I Okpe,84,19,10.5,109,77.06,0,0,0,2,2
A Hossain,83,52,11.85,63,131.74,0,1,2,10,1
J Davey,83,24,16.6,63,131.74,0,0,0,5,3
P Gallagher,83,36,27.66,68,122.05,0,0,0,4,5
M Singh,83,36,13.83,98,84.69,0,0,0,10,1
A Agar,82,29,13.66,79,103.79,0,0,0,6,3
F Cossa,82,19,20.5,90,91.11,0,0,0,6,4
A Mohan,82,41,16.4,72,113.88,0,0,1,9,1
M Awais,82,42,82.0,59,138.98,0,0,0,12,1
T Paine,82,25,10.25,77,106.49,0,0,2,7,3
S Ashraf,82,38,20.5,67,122.38,0,0,0,8,3
R Siri,82,49,27.33,80,102.5,0,0,1,6,1
A Jones,81,39,20.25,81,100.0,0,0,0,3,2
M Jones,81,27,16.2,83,97.59,0,0,0,5,3
A Abbasi,80,18,13.33,87,91.95,0,0,0,7,2
D Darrell,80,30,8.88,95,84.21,0,0,1,1,5
I Hussain,80,40,26.66,76,105.26,0,0,0,7,6
R Paudel,80,19,10.0,89,89.88,0,0,0,7,0
C Rizwan,80,44,20.0,73,109.58,0,0,0,10,1
Z Green,79,18,9.87,78,101.28,0,0,1,4,3
N Hasan,78,30,19.5,63,123.8,0,0,1,9,0
G Banner,77,47,38.5,65,118.46,0,0,0,1,8
S Goud,77,31,19.25,72,106.94,0,0,0,3,3
S Wasif,77,40,15.4,66,116.66,0,0,1,3,1
S Wijeyeratne,77,56,38.5,51,150.98,0,1,0,12,0
T Bavuma,76,49,76.0,66,115.15,0,0,0,5,2
D Hooper,76,19,15.2,91,83.51,0,0,1,3,1
H Kayondo,76,31,25.33,69,110.14,0,0,0,2,4
R Mahmood,76,37,19.0,61,124.59,0,0,0,3,3
N Kirton,75,37,25.0,83,90.36,0,0,0,4,1
H Patel,74,22,18.5,82,90.24,0,0,0,9,1
S Hirugade,74,35,12.33,86,86.04,0,0,1,8,2
S Runsewe,74,27,14.8,87,85.05,0,0,1,4,0
G Venkateswaran,74,59,37.0,58,127.58,0,1,0,10,1
J Vira,74,23,9.25,68,108.82,0,0,1,7,2
N Broom,73,36,12.16,68,107.35,0,0,0,8,1
T Fray,73,29,8.11,96,76.04,0,0,3,9,0
A McBrine,73,14,12.16,70,104.28,0,0,1,6,1
C Munoz-Mills,73,29,18.25,66,110.6,0,0,0,5,3
A Oyede,73,39,10.42,104,70.19,0,0,2,5,1
A Phehlukwayo,73,27,12.16,66,110.6,0,0,3,10,1
R Thomas,73,18,10.42,95,76.84,0,0,1,7,1
H Mughal,72,31,18.0,65,110.76,0,0,0,6,1
H Rasheed,72,22,10.28,100,72.0,0,0,0,4,1
A Pusthay,72,37,14.4,60,120.0,0,0,0,5,1
A Wright,72,43,10.28,84,85.71,0,0,1,6,3
S Naqash,71,38,17.75,52,136.53,0,0,2,2,5
T Taylor,71,19,17.75,91,78.02,0,0,0,2,5
A Hashmi,70,31,17.5,66,106.06,0,0,1,4,0
F Mulivai,70,48,17.5,37,189.18,0,0,1,2,8
H Farooq,69,24,17.25,68,101.47,0,0,0,7,2
C Hauptfleisch,69,42,13.8,85,81.17,0,0,1,4,2
I Haq,69,49,17.25,47,146.8,0,0,1,6,4
T Sole,69,33,17.25,43,160.46,0,0,0,9,1
J Umanath,69,25,11.5,77,89.61,0,0,1,7,2
R Ankad,68,40,17.0,72,94.44,0,0,2,7,0
A Cremer,68,17,5.23,102,66.66,0,0,2,2,0
D Zadran,68,13,7.55,42,161.9,0,0,3,4,6
R Escobar,68,28,22.66,76,89.47,0,0,0,6,1
A Patel,68,20,17.0,54,125.92,0,0,0,3,3
S Zulfiqar,68,18,9.71,68,100.0,0,0,0,5,0
J Vare,68,38,9.71,71,95.77,0,0,0,4,0
C Viljoen,68,33,17.0,70,97.14,0,0,0,7,1
W Khan,68,33,17.0,89,76.4,0,0,1,3,2
H Ahmad,67,30,13.4,59,113.55,0,0,0,6,1
A Michael,67,23,22.33,69,97.1,0,0,0,5,2
Z Farid,67,55,16.75,53,126.41,0,1,0,5,3
A Khan,66,22,16.5,60,110.0,0,0,0,7,1
P Mendis,66,41,16.5,46,143.47,0,0,1,6,3
W Ahmed,66,19,13.2,80,82.5,0,0,0,6,2
J Bulele,65,24,9.28,95,68.42,0,0,1,8,0
S Kuggeleijn,65,35,32.5,30,216.66,0,0,1,4,6
H Lakov,65,28,21.66,62,104.83,0,0,0,5,0
F Allen,64,27,9.14,56,114.28,0,0,2,5,3
A Uddin,64,31,10.66,79,81.01,0,0,0,3,0
A Iqbal,64,40,16.0,72,88.88,0,0,0,6,1
B Arora,64,28,16.0,64,100.0,0,0,0,5,3
K Birkenstock,64,59,32.0,33,193.93,0,1,0,7,4
S Dube,64,54,32.0,42,152.38,0,1,0,3,4
G Manan,64,29,21.33,52,123.07,0,0,0,11,1
A Ahir,64,30,21.33,59,108.47,0,0,0,10,1
W Rankin,64,16,9.14,74,86.48,0,0,2,3,3
S Khan,64,28,32.0,42,152.38,0,0,0,3,6
U Waheed,64,28,21.33,61,104.91,0,0,1,6,1
V Balakrishnan,63,29,31.5,82,76.82,0,0,0,6,1
L Barker,63,20,7.87,69,91.3,0,0,3,8,0
I Ismail,63,17,9.0,58,108.62,0,0,0,7,3
K Lal,63,38,21.0,41,153.65,0,0,0,3,2
O Hald,61,18,8.71,57,107.01,0,0,1,4,2
H Ali,61,23,12.2,35,174.28,0,0,2,3,5
R Nehonde,61,26,10.16,79,77.21,0,0,1,3,1
N Odhiambo,61,26,10.16,94,64.89,0,0,2,4,1
A Sathya,61,30,20.33,61,100.0,0,0,0,3,2
P Shamdasani,61,37,20.33,72,84.72,0,0,0,3,1
A Tye,61,20,10.16,55,110.9,0,0,2,4,3
D Budge,60,24,30.0,59,101.69,0,0,0,2,3
J Kila,60,27,30.0,31,193.54,0,0,0,4,5
Z Khan,60,33,60.0,61,98.36,0,0,0,4,0
A Haque,59,18,14.75,61,96.72,0,0,1,4,0
H Niazi,59,27,19.66,47,125.53,0,0,0,3,3
M Amir,59,21,7.37,72,81.94,0,0,2,2,3
M Saleem,59,52,14.75,54,109.25,0,1,0,5,1
A Perera,59,16,11.8,65,90.76,0,0,0,5,1
I Sodhi,59,15,14.75,56,105.35,0,0,1,4,3
A Ikram,58,23,14.5,73,79.45,0,0,0,4,4
A Hider,58,22,58.0,43,134.88,0,0,0,5,4
D Heyliger,58,23,29.0,42,138.09,0,0,1,2,3
J Huo,58,18,8.28,61,95.08,0,0,1,7,2
D Jacobs,58,20,14.5,82,70.73,0,0,0,7,0
M Azzam,58,17,14.5,61,95.08,0,0,1,6,0
S Butt,58,30,29.0,55,105.45,0,0,0,3,4
F Butt,57,25,28.5,48,118.75,0,0,0,4,2
C Jonker,57,49,28.5,29,196.55,0,0,0,5,3
A Makesh,57,57,57.0,41,139.02,0,1,0,3,4
G Meade,57,18,11.4,63,90.47,0,0,0,4,1
A Sarma,57,28,19.0,67,85.07,0,0,0,3,1
P Sarraf,57,18,8.14,84,67.85,0,0,3,9,0
A Turner,57,22,14.25,57,100.0,0,0,1,1,2
A Sher,56,24,11.2,36,155.55,0,0,0,1,4
T Banton,56,31,18.66,34,164.7,0,0,0,6,3
E Knowles,56,19,14.0,54,103.7,0,0,1,7,1
P Manning,56,28,11.2,89,62.92,0,0,1,4,0
M Ross,56,34,14.0,42,133.33,0,0,0,2,3
D Ajekun,55,17,9.16,81,67.9,0,0,0,6,1
M Aslam,55,26,13.75,59,93.22,0,0,1,4,1
C Carter,55,17,13.75,63,87.3,0,0,0,3,0
P Silva,55,14,13.75,50,110.0,0,0,0,3,0
K Jarvis,55,27,7.85,64,85.93,0,0,4,1,4
M Ahsan,55,51,55.0,18,305.55,0,1,0,2,7
O Newey,55,23,11.0,66,83.33,0,0,1,2,0
R Satheesan,55,23,27.5,42,130.95,0,0,0,3,4
J Chilia,54,23,18.0,54,100.0,0,0,0,3,3
M Dixit,54,38,27.0,59,91.52,0,0,0,6,2
J Dunford,54,29,9.0,67,80.59,0,0,3,2,0
M Mandy,54,32,13.5,67,80.59,0,0,0,8,0
S Priyanjan,54,40,54.0,62,87.09,0,0,0,1,2
B King,53,31,10.6,50,106.0,0,0,0,6,1
M Watt,53,14,10.6,40,132.5,0,0,1,6,1
T Bharaj,52,19,6.5,77,67.53,0,0,1,2,0
G Caisley,52,38,13.0,60,86.66,0,0,1,3,2
S Cotter,52,25,13.0,62,83.87,0,0,0,4,1
A Manousis,52,23,26.0,49,106.12,0,0,0,5,1
D Nakrani,52,19,17.33,48,108.33,0,0,0,2,3
O Yousof,52,33,17.33,70,74.28,0,0,0,5,0
V Mbazo,51,27,25.5,67,76.11,0,0,0,3,0
A Rashid,51,9,7.28,61,83.6,0,0,0,4,0
M Huda,50,30,25.0,32,156.25,0,0,0,4,2
M Richardson,50,35,50.0,38,131.57,0,0,0,7,0
A Mauroof,49,15,12.25,63,77.77,0,0,0,3,0
G Chaturvedi,49,25,24.5,29,168.96,0,0,0,6,1
A Dananjaya,49,11,6.12,57,85.96,0,0,2,6,0
J Frylinck,49,19,16.33,47,104.25,0,0,1,2,1
J Siddiqui,49,21,12.25,41,119.51,0,0,1,2,2
H Kuhn,49,29,12.25,42,116.66,0,0,0,3,2
N Kumar,49,39,16.33,58,84.48,0,0,1,3,2
S Zakhil,49,18,16.33,35,140.0,0,0,0,2,3
D Smith,49,22,16.33,53,92.45,0,0,0,5,0
S Jamil,48,24,16.0,49,97.95,0,0,0,5,2
M Nadeem,48,43,16.0,49,97.95,0,0,0,7,1
M Patel,48,40,48.0,44,109.09,0,0,0,6,1
Q Khan,48,25,16.0,43,111.62,0,0,0,2,3
Y Seneveratne,48,19,8.0,79,60.75,0,0,1,5,1
J Singye,48,40,24.0,64,75.0,0,0,0,2,0
C Zhuwao,48,24,6.85,66,72.72,0,0,4,7,1
M Aboagye,47,24,23.5,53,88.67,0,0,0,3,0
V Adewoye,47,23,11.75,42,111.9,0,0,2,4,2
D Khan,47,17,6.71,40,117.5,0,0,2,0,4
D Weston,47,18,7.83,54,87.03,0,0,2,5,1
S Ahmad,46,25,23.0,54,85.18,0,0,0,2,0
K Gupta,46,19,15.33,64,71.87,0,0,1,1,0
Z Hoque,46,20,15.33,35,131.42,0,0,0,4,2
R Trott,46,19,7.66,84,54.76,0,0,2,3,0
A Khan,45,22,22.5,39,115.38,0,0,0,2,1
S Ateak,45,26,15.0,48,93.75,0,0,0,6,1
R Bakum,45,18,11.25,45,100.0,0,0,1,4,2
M Hunter,45,27,15.0,61,73.77,0,0,0,2,1
N Maddinson,45,34,11.25,35,128.57,0,0,0,6,1
M Latif,45,24,15.0,52,86.53,0,0,0,2,2
T Munyonga,45,44,45.0,34,132.35,0,0,0,3,1
N Rahman,45,24,15.0,45,100.0,0,0,0,4,0
V Tembo,45,20,15.0,52,86.53,0,0,0,2,0
Y Haroon,45,29,11.25,62,72.58,0,0,0,4,1
Z Sarwar,45,33,15.0,46,97.82,0,0,2,1,4
A Bilal,44,41,22.0,24,183.33,0,0,0,6,2
A Ayannaike,44,33,14.66,43,102.32,0,0,1,4,2
A Banner,44,28,22.0,29,151.72,0,0,0,4,3
L Emilio,44,23,11.0,35,125.71,0,0,0,4,1
G Gomes,44,28,8.8,46,95.65,0,0,1,6,1
I Ullah,44,42,11.0,47,93.61,0,0,1,4,1
S Badree,43,14,7.16,65,66.15,0,0,0,1,1
P Baron,43,27,14.33,38,113.15,0,0,0,0,4
P Mishra,43,23,21.5,26,165.38,0,0,0,3,4
M Rahman,43,15,4.3,55,78.18,0,0,4,3,3
S Zafar,43,20,14.33,33,130.3,0,0,0,3,2
M Patel,43,40,21.5,39,110.25,0,0,0,2,3
F Baaleri,42,17,10.5,60,70.0,0,0,0,6,0
M Mahfooz,42,16,8.4,53,79.24,0,0,0,3,0
M Ganee,42,19,10.5,44,95.45,0,0,0,3,1
L Plunkett,42,18,6.0,34,123.52,0,0,3,3,1
M Sert,42,16,14.0,59,71.18,0,0,0,5,0
D Stovell,42,18,8.4,50,84.0,0,0,1,5,0
J Vifah,42,23,14.0,45,93.33,0,0,0,2,1
K Young,42,27,42.0,34,123.52,0,0,0,3,1
A Rahimzei,41,17,10.25,33,124.24,0,0,0,2,1
A Hafizs,41,21,13.66,39,105.12,0,0,0,3,1
A Ashokan,41,34,20.5,29,141.37,0,0,0,2,3
K Joshi,41,32,20.5,41,100.0,0,0,0,4,2
B Mavuta,41,28,41.0,23,178.26,0,0,0,3,2
D Muhumuza,41,28,10.25,36,113.88,0,0,1,3,1
M Ekrami,41,28,20.5,48,85.41,0,0,0,2,0
A Hamza,40,21,10.0,38,105.26,0,0,1,3,1
T Chisoro,40,14,10.0,42,95.23,0,0,0,2,2
B Cutting,40,29,10.0,27,148.14,0,0,1,2,3
F Sham,40,15,6.66,56,71.42,0,0,0,2,0
I Bulbulia,40,32,13.33,42,95.23,0,0,1,4,1
L Musiani,40,22,10.0,60,66.66,0,0,1,4,0
E Packard,40,26,10.0,49,81.63,0,0,0,2,1
S Ravikumar,40,29,20.0,44,90.9,0,0,1,3,1
S Farhan,40,39,13.33,46,86.95,0,0,1,2,3
F Stoman,40,21,13.33,61,65.57,0,0,0,1,1
T Aziz,40,23,13.33,47,85.1,0,0,1,1,2
I Khan,39,36,19.5,32,121.87,0,0,0,2,3
P Silas,39,20,13.0,44,88.63,0,0,0,1,1
S Tobgay,39,24,19.5,58,67.24,0,0,0,1,0
P Meekeren,39,18,4.87,40,97.5,0,0,3,0,3
A Saiyed,38,22,12.66,47,80.85,0,0,0,4,0
D Kansonkho,38,21,9.5,47,80.85,0,0,2,5,0
A Kitchen,38,16,12.66,32,118.75,0,0,0,3,1
B Mailata,38,17,9.5,48,79.16,0,0,0,2,1
M Amin,38,15,19.0,39,97.43,0,0,0,5,0
H Pragji,38,30,12.66,65,58.46,0,0,0,1,0
V Chandra,37,26,18.5,30,123.33,0,0,0,3,3
I Danladi,37,37,18.5,38,97.36,0,0,1,4,1
C Delany,37,21,9.25,60,61.66,0,0,1,2,0
J Hirschi,37,13,9.25,62,59.67,0,0,0,0,0
A Ifill,37,9,7.4,61,60.65,0,0,0,2,1
R Kumar,37,32,18.5,27,137.03,0,0,0,6,0
D Manani,37,19,37.0,32,115.62,0,0,0,4,1
S Sola,37,18,12.33,36,102.77,0,0,0,1,3
C Soper,37,19,18.5,41,90.24,0,0,0,0,3
B Wheeler,37,30,18.5,28,132.14,0,0,0,3,2
T Curran,36,14,18.0,27,133.33,0,0,0,0,3
J Dunn,36,23,12.0,41,87.8,0,0,0,0,1
J Jojo,36,13,18.0,27,133.33,0,0,0,1,1
T Kane,36,26,18.0,23,156.52,0,0,0,5,0
M Qasim,36,13,18.0,51,70.58,0,0,0,2,0
M Hub,36,16,12.0,41,87.8,0,0,1,2,0
A Shakoor,35,20,17.5,40,87.5,0,0,0,3,0
M Biddappa,35,22,35.0,47,74.46,0,0,0,1,1
P Cummins,35,13,5.0,37,94.59,0,0,2,2,1
S Curran,35,24,11.66,23,152.17,0,0,0,3,2
C Lange,35,22,11.66,22,159.09,0,0,0,2,2
L Hermida,35,12,11.66,52,67.3,0,0,0,1,0
J Malan,35,33,17.5,37,94.59,0,0,0,3,2
V Morea,35,19,7.0,44,79.54,0,0,1,4,0
N Ali,35,25,17.5,31,112.9,0,0,0,1,3
S Ahmed,35,11,5.83,37,94.59,0,0,3,0,2
D Anefie,34,18,17.0,38,89.47,0,0,1,2,0
N Ahmed,34,10,6.8,55,61.81,0,0,1,2,0
S Rakshit,34,15,8.5,44,77.27,0,0,1,5,0
S Zulfiqar,34,18,8.5,43,79.06,0,0,0,1,0
J Sumerauer,34,13,6.8,39,87.17,0,0,0,3,0
W Viraliliu,34,13,8.5,26,130.76,0,0,0,3,2
P Handscomb,33,20,33.0,33,100.0,0,0,0,1,0
F Klaassen,33,13,5.5,34,97.05,0,0,1,2,0
C Mpofu,33,17,8.25,40,82.5,0,0,3,3,1
K Nestor,33,16,11.0,35,94.28,0,0,0,1,2
I Pandey,33,22,8.25,50,66.0,0,0,0,5,0
S Singh,33,14,6.6,32,103.12,0,0,0,2,0
A Westphal,33,24,6.6,40,82.5,0,0,0,3,0
A Wahid,32,17,16.0,26,123.07,0,0,0,4,1
K Bagabena,32,23,32.0,32,100.0,0,0,1,1,0
L Harrington-Myers,32,17,10.66,39,82.05,0,0,1,1,1
K Ahmed,32,18,16.0,47,68.08,0,0,0,1,0
G O'Brien,32,7,8.0,38,84.21,0,0,1,1,2
S Khan,32,16,8.0,27,118.51,0,0,1,2,1
K Silva,32,25,16.0,12,266.66,0,0,0,2,3
P Chameera,31,12,7.75,40,77.5,0,0,2,3,0
P Chandran,31,23,10.33,47,65.95,0,0,1,2,1
V Ganesan,31,15,7.75,42,73.8,0,0,0,0,0
J Singh,31,31,15.5,25,124.0,0,0,1,0,3
A Mehmi,31,21,31.0,29,106.89,0,0,0,2,1
R Mukasa,31,14,7.75,40,77.5,0,0,0,1,0
V Padhaal,31,14,6.2,44,70.45,0,0,0,4,0
D Sheeli,31,19,10.33,32,96.87,0,0,0,3,0
A Stokes,31,16,6.2,26,119.23,0,0,3,6,0
T Ali,31,19,10.33,53,58.49,0,0,0,1,0
Z Zulkifle,31,22,7.75,29,106.89,0,0,1,2,2
D Cato,30,20,10.0,59,50.84,0,0,0,2,0
L Tissier,30,9,6.0,29,103.44,0,0,0,2,0
M Mehmood,29,13,7.25,41,70.73,0,0,1,1,1
S Obed,29,9,5.8,41,70.73,0,0,0,1,0
S Rossi,29,13,9.66,27,107.4,0,0,0,2,1
J Salazar,29,20,29.0,36,80.55,0,0,0,0,0
T Ahmed,29,15,9.66,31,93.54,0,0,1,3,1
D Tiripano,29,14,7.25,34,85.29,0,0,2,0,2
C Zavoiu,29,27,14.5,39,74.35,0,0,0,3,0
A Malik,28,11,9.33,30,93.33,0,0,1,1,1
K Ahuja,28,8,4.0,50,56.0,0,0,1,1,1
E Miles,28,16,14.0,31,90.32,0,0,0,1,0
A Nehra,28,22,5.6,39,71.79,0,0,3,1,2
C Perchard,28,12,9.33,35,80.0,0,0,0,0,0
R Pillai,28,14,7.0,44,63.63,0,0,1,1,0
S Ashraf,28,18,9.33,29,96.55,0,0,0,1,1
A Wardak,27,20,13.5,38,71.05,0,0,0,1,0
T Allen,27,11,13.5,17,158.82,0,0,0,0,3
G Bakiweyem,27,15,27.0,30,90.0,0,0,0,0,0
T Barker,27,18,6.75,33,81.81,0,0,0,1,0
D Christian,27,9,6.75,28,96.42,0,0,1,2,0
R Dorji,27,27,27.0,23,117.39,0,0,0,0,4
H Fennell,27,25,9.0,23,117.39,0,0,3,4,1
S Pathirana,27,14,5.4,24,112.5,0,0,0,3,0
S Zadran,27,13,3.85,65,41.53,0,0,3,0,3
S Qureshi,27,12,6.75,34,79.41,0,0,1,2,0
W Ali,27,14,13.5,31,87.09,0,0,0,0,2
T Bruyn,26,19,13.0,16,162.5,0,0,0,3,1
R Goodwin,26,16,8.66,36,72.22,0,0,1,1,0
I Dawlatzai,26,24,26.0,16,162.5,0,0,0,2,2
G Kansonkho,26,22,13.0,21,123.8,0,0,1,4,0
L Oluoch,26,7,8.66,33,78.78,0,0,0,2,0
E Otieno,26,8,5.2,48,54.16,0,0,1,0,1
T Saha,26,18,26.0,23,113.04,0,0,0,1,0
W Sundar,26,14,13.0,12,216.66,0,0,1,1,3
C Wright,26,16,8.66,31,83.87,0,0,1,2,0
P Agnihotri,25,19,12.5,36,69.44,0,0,0,2,0
A Ahmed,25,25,25.0,27,92.59,0,0,0,2,0
T Jamtsho,25,19,25.0,27,92.59,0,0,0,1,1
J Kiani,25,13,12.5,36,69.44,0,0,0,2,0
W Masakadza,25,6,8.33,30,83.33,0,0,0,2,0
G Murali,25,14,8.33,44,56.81,0,0,0,1,0
S Okpe,25,12,5.0,46,54.34,0,0,0,1,0
C Pengkumta,25,18,25.0,31,80.64,0,0,0,2,0
S Badar,25,16,8.33,32,78.12,0,0,1,3,0
S Singh,25,12,6.25,26,96.15,0,0,1,1,1
A Srivastav,25,21,6.25,37,67.56,0,0,2,2,0
T Dar,25,15,12.5,25,100.0,0,0,0,1,2
V Kumar,25,17,12.5,30,83.33,0,0,0,3,0
A Hanif,24,16,12.0,23,104.34,0,0,0,3,0
A Farhath,24,22,24.0,22,109.09,0,0,0,2,0
M Bacarese,24,13,12.0,37,64.86,0,0,0,0,1
O Bascome,24,16,8.0,29,82.75,0,0,0,3,0
B Tahir,24,13,6.0,21,114.28,0,0,1,1,1
B Ivanov,24,14,12.0,55,43.63,0,0,0,1,0
J Singh,24,12,6.0,30,80.0,0,0,0,1,0
M McClenaghan,24,10,6.0,23,104.34,0,0,2,1,2
B Regmi,24,11,3.42,56,42.85,0,0,1,2,0
D Brangman,23,23,11.5,25,92.0,0,0,2,2,1
C Floyd,23,21,23.0,23,100.0,0,0,0,2,1
H Ahmadzai,23,15,23.0,29,79.31,0,0,0,2,1
H Singh,23,17,7.66,48,47.91,0,0,0,1,0
I Anwar,23,16,23.0,22,104.54,0,0,0,2,0
R Inampud,23,17,23.0,28,82.14,0,0,0,0,1
B Kumar,23,9,5.75,29,79.31,0,0,1,0,0
S Lamichhane,23,9,5.75,29,79.31,0,0,1,1,0
N Master,23,21,11.5,18,127.77,0,0,0,4,0
V Sachdev,23,12,23.0,31,74.19,0,0,0,2,0
S Islam,23,16,4.6,33,69.69,0,0,1,1,1
S Sohal,23,18,11.5,29,79.31,0,0,0,1,1
A Zampa,23,9,11.5,26,88.46,0,0,0,2,0
D Ankrah,22,12,7.33,43,51.16,0,0,0,2,0
S Aquilina,22,14,5.5,30,73.33,0,0,0,2,0
Z Arinaitwe,22,15,7.33,26,84.61,0,0,0,3,1
T Boult,22,8,4.4,32,68.75,0,0,1,1,0
P Silva,22,21,11.0,22,100.0,0,0,0,1,0
M Morkel,22,8,7.33,18,122.22,0,0,0,3,1
A Muslar,22,13,7.33,27,81.48,0,0,1,1,2
A Akbarjan,21,21,21.0,17,123.52,0,0,0,3,0
B Chari,21,19,7.0,31,67.74,0,0,1,4,0
L Gregory,21,15,7.0,19,110.52,0,0,1,0,2
I Imam-ul-Haq,21,14,10.5,25,84.0,0,0,0,2,0
K NG,21,14,7.0,30,70.0,0,0,0,0,1
L Madushanka,21,20,10.5,26,80.76,0,0,0,1,0
C Mahoney,21,21,21.0,27,77.77,0,0,0,1,0
S Murari,21,16,10.5,20,105.0,0,0,0,2,0
S Tiai,21,11,7.0,22,95.45,0,0,1,2,0
E Haq,21,10,4.2,36,58.33,0,0,0,2,0
A Haqqiem,20,12,20.0,20,100.0,0,0,0,1,0
K Flowers,20,17,10.0,33,60.6,0,0,1,3,0
Z Groenewald,20,13,6.66,35,57.14,0,0,0,0,0
K Yadav,20,16,20.0,20,100.0,0,0,0,2,0
N Pokana,20,8,10.0,28,71.42,0,0,0,0,0
J Sanjaya,20,6,6.66,18,111.11,0,0,0,3,0
J Scamans,20,12,20.0,19,105.26,0,0,0,1,0
A Uniyal,20,16,10.0,24,83.33,0,0,0,2,0
C Waiswa,20,14,20.0,14,142.85,0,0,0,1,1
A Mohammad,19,19,9.5,25,76.0,0,0,1,0,2
B Ahmed,19,19,19.0,28,67.85,0,0,0,1,1
C Dala,19,12,19.0,28,67.85,0,0,0,1,0
I Hassan,19,12,3.8,41,46.34,0,0,3,0,0
I Haider,19,15,9.5,26,73.07,0,0,0,2,1
I Tahir,19,9,19.0,18,105.55,0,0,0,1,1
I Mir,19,18,19.0,7,271.42,0,0,1,0,2
J Singh,19,11,9.5,23,82.6,0,0,0,1,0
J Sheikh,19,9,6.33,20,95.0,0,0,0,1,1
M Ahsan,19,8,6.33,20,95.0,0,0,0,0,1
S Netravalkar,19,12,19.0,15,126.66,0,0,0,1,1
H Nicholls,19,7,4.75,28,67.85,0,0,0,2,0
A Paraam,19,10,19.0,10,190.0,0,0,0,2,1
A Phangiso,19,13,6.33,29,65.51,0,0,0,1,0
S Mehmood,19,13,19.0,41,46.34,0,0,0,2,0
K Williams,19,13,6.33,17,111.76,0,0,1,1,1
N Yordanov,19,19,19.0,11,172.72,0,0,1,0,2
V Baskaran,18,14,9.0,23,78.26,0,0,1,0,0
B Khan,18,6,6.0,28,64.28,0,0,2,1,0
L Collado,18,8,18.0,34,52.94,0,0,0,0,0
B Hendricks,18,12,9.0,21,85.71,0,0,0,0,1
J Little,18,7,4.5,16,112.5,0,0,2,3,0
A Markram,18,15,9.0,17,105.88,0,0,0,1,1
N Islam,18,7,18.0,17,105.88,0,0,0,2,0
D Nikolov,18,13,9.0,33,54.54,0,0,0,2,0
P Sandakan,18,10,9.0,24,75.0,0,0,0,2,0
S Snater,18,10,3.6,16,112.5,0,0,2,0,1
H France,18,13,6.0,20,90.0,0,0,1,1,1
D Bishoo,17,8,8.5,29,58.62,0,0,1,2,0
T Blundell,17,14,17.0,21,80.95,0,0,0,0,0
L Dawson,17,10,17.0,8,212.5,0,0,0,2,1
R Emrit,17,11,5.66,27,62.96,0,0,0,0,1
D Gim,17,9,8.5,32,53.12,0,0,1,0,0
S Kizilkaya,17,8,4.25,28,60.71,0,0,1,3,0
J Mensah,17,16,8.5,10,170.0,0,0,0,1,1
K Pierre,17,9,8.5,23,73.91,0,0,0,2,0
R Hossain,17,8,3.4,30,56.66,0,0,4,1,0
G Russ,17,10,17.0,29,58.62,0,0,0,0,0
S Rutherford,17,9,5.66,23,73.91,0,0,0,1,0
S Jaleel,17,17,5.66,14,121.42,0,0,2,1,1
J Singleton,17,7,5.66,26,65.38,0,0,0,3,0
T Singye,17,11,8.5,25,68.0,0,0,0,2,0
O Willis,17,15,5.66,32,53.12,0,0,0,0,1
Z Tashnam,17,11,17.0,26,65.38,0,0,0,1,0
I Aboagye,16,7,4.0,37,43.24,0,0,1,0,0
A Ahmadhel,16,15,8.0,16,100.0,0,0,0,2,0
P Arrighi,16,11,4.0,46,34.78,0,0,1,0,0
J Barker,16,16,8.0,16,100.0,0,0,1,3,0
K Bishnoi,16,14,16.0,18,88.88,0,0,0,1,0
M Chauhan,16,15,8.0,8,200.0,0,0,0,0,2
U Dorji,16,8,8.0,17,94.11,0,0,0,2,0
L Goncalves,16,13,8.0,21,76.19,0,0,0,1,0
E Hutchinson,16,16,16.0,8,200.0,0,0,0,3,0
L Livingstone,16,16,8.0,19,84.21,0,0,1,1,0
K Modise,16,10,5.33,16,100.0,0,0,1,2,1
N Shanto,16,11,8.0,17,94.11,0,0,0,1,0
F Nsubuga,16,9,8.0,15,106.66,0,0,0,0,2
J Reva,16,7,4.0,22,72.72,0,0,0,1,1
D Steyn,16,5,3.2,23,69.56,0,0,1,1,0
A Islam,15,9,3.75,20,75.0,0,0,1,1,1
T Chatara,15,8,5.0,18,83.33,0,0,1,1,0
K Christie,15,11,7.5,20,75.0,0,0,0,0,0
G Cloete,15,13,7.5,15,100.0,0,0,0,2,0
S Cottrell,15,4,5.0,22,68.18,0,0,1,2,0
N Dutta,15,12,15.0,13,115.38,0,0,0,1,0
K Ebanks,15,8,3.75,27,55.55,0,0,1,1,0
J Hill,15,6,5.0,20,75.0,0,0,0,3,0
A Kose,15,15,3.75,33,45.45,0,0,3,3,0
N Rana,15,7,7.5,24,62.5,0,0,1,0,0
R Patel,15,15,15.0,25,60.0,0,0,1,1,0
U Master,15,15,7.5,13,115.38,0,0,1,1,0
J Vandersay,15,8,15.0,17,88.23,0,0,0,2,0
V Singh,15,15,15.0,13,115.38,0,0,0,1,0
A Hasan,14,9,7.0,11,127.27,0,0,0,2,0
C Akachukwu,14,8,7.0,15,93.33,0,0,0,0,1
A Islam,14,9,14.0,14,100.0,0,0,0,2,0
A Iqbal,14,14,14.0,6,233.33,0,0,0,0,1
G Dutta,14,8,2.33,28,50.0,0,0,3,1,0
I Zadran,14,11,4.66,26,53.84,0,0,0,0,1
P Patel,14,8,14.0,11,127.27,0,0,0,0,0
T Langa,14,14,14.0,9,155.55,0,0,0,2,0
J Moses,14,9,4.66,20,70.0,0,0,0,0,1
N Nankov,14,14,14.0,20,70.0,0,0,0,1,0
S Pillai,14,6,4.66,27,51.85,0,0,0,1,0
C Prasad,14,11,7.0,29,48.27,0,0,1,1,0
R Hasan,14,5,4.66,17,82.35,0,0,1,1,0
R Singh,14,8,7.0,13,107.69,0,0,0,0,1
S Muhammad,14,14,14.0,7,200.0,0,0,0,1,1
S Varathappan,14,9,4.66,14,100.0,0,0,1,3,0
T Whiteman,14,14,14.0,10,140.0,0,0,1,0,1
A Sheikh,13,11,6.5,18,72.22,0,0,0,1,0
M Cope,13,13,13.0,15,86.66,0,0,0,2,0
L Ali,13,7,6.5,18,72.22,0,0,0,1,0
J Mees,13,7,13.0,20,65.0,0,0,0,1,0
M (3),13,7,6.5,20,65.0,0,0,0,1,0
M Hamayun,13,8,6.5,10,130.0,0,0,0,1,1
H Overdijk,13,13,13.0,7,185.71,0,0,0,2,0
J Richardson,13,7,13.0,6,216.66,0,0,1,2,0
O Tonuu,13,6,6.5,18,72.22,0,0,0,0,0
W Abbas,13,9,13.0,7,185.71,0,0,0,0,1
A Ahmed,12,11,4.0,32,37.5,0,0,1,1,0
A Mohammad,12,5,4.0,12,100.0,0,0,0,2,0
F Niazai,12,12,12.0,15,80.0,0,0,0,1,0
C Gannon,12,7,12.0,9,133.33,0,0,0,0,1
R Gaznavi,12,8,6.0,12,100.0,0,0,0,2,0
H Helva,12,7,3.0,25,48.0,0,0,2,2,0
D Mejia,12,12,12.0,10,120.0,0,0,0,2,0
A Patel,12,6,12.0,23,52.17,0,0,0,2,0
M Patel,12,8,4.0,15,80.0,0,0,1,1,1
R Kapur,12,6,6.0,16,75.0,0,0,0,1,0
M Starc,12,4,3.0,18,66.66,0,0,0,0,0
A Ivan,11,11,11.0,39,28.2,0,0,0,0,0
A Mustafizur,11,11,5.5,28,39.28,0,0,1,2,0
A Kamal,11,11,3.66,18,61.11,0,0,2,1,0
A Bulow,11,11,11.0,13,84.61,0,0,0,0,1
J Campbell,11,11,5.5,16,68.75,0,0,1,2,0
A Djorovic,11,9,5.5,26,42.3,0,0,0,1,0
S Goustis,11,11,11.0,19,57.89,0,0,0,0,0
O McCoy,11,10,11.0,10,110.0,0,0,0,1,1
M Hasan,11,11,11.0,11,100.0,0,0,0,1,0
W Malinda,11,10,11.0,9,122.22,0,0,0,0,1
B McCarthy,11,11,5.5,7,157.14,0,0,2,0,1
J Reb,11,9,5.5,14,78.57,0,0,0,1,0
S Arshad,11,11,11.0,10,110.0,0,0,0,0,1
S Kumar,11,10,11.0,15,73.33,0,0,0,0,0
P Taylor,11,7,11.0,9,122.22,0,0,0,1,0
H Thaker,11,11,11.0,9,122.22,0,0,0,0,1
T Veillard,11,8,11.0,17,64.7,0,0,0,0,0
A (2),10,10,10.0,13,76.92,0,0,0,1,0
R Avery,10,9,3.33,24,41.66,0,0,1,0,0
N Pradeep,10,8,10.0,15,66.66,0,0,1,1,0
S Hallett,10,5,2.5,16,62.5,0,0,1,1,0
M Henry,10,10,10.0,5,200.0,0,0,0,2,0
G Kaltongga,10,10,5.0,12,83.33,0,0,1,1,0
Z Matsinhe,10,6,3.33,17,58.82,0,0,1,0,1
M Ghazanfar,10,6,10.0,10,100.0,0,0,0,1,0
S Nerandzic,10,5,5.0,33,30.3,0,0,0,1,0
S Perera,10,7,5.0,23,43.47,0,0,0,0,0
S Rance,10,8,3.33,21,47.61,0,0,0,0,0
A Rangaswamy,10,7,3.33,13,76.92,0,0,1,0,1
D Ravu,10,6,3.33,9,111.11,0,0,1,1,0
G Reynold,10,6,10.0,10,100.0,0,0,0,0,1
Z Khan,10,6,3.33,19,52.63,0,0,0,1,0
Z Hasan,10,10,10.0,9,111.11,0,0,0,1,0
A Rashid,9,9,9.0,24,37.5,0,0,0,0,0
A Mollik,9,9,9.0,10,90.0,0,0,0,1,0
P Arora,9,6,9.0,4,225.0,0,0,0,0,1
H Banner,9,6,9.0,10,90.0,0,0,0,0,1
B Duckett,9,9,9.0,7,128.57,0,0,0,1,0
H Hiri,9,4,2.25,15,60.0,0,0,0,0,0
I Hussain,9,4,4.5,10,90.0,0,0,1,1,0
N Janes,9,9,4.5,11,81.81,0,0,1,1,0
K Kaleemullah,9,9,4.5,7,128.57,0,0,1,0,1
J Kundi,9,6,2.25,22,40.9,0,0,1,1,0
M Asjed,9,9,9.0,9,100.0,0,0,0,1,0
M Wafiq,9,6,4.5,12,75.0,0,0,1,1,0
V Poubel,9,5,9.0,15,60.0,0,0,0,0,0
A Poulose,9,9,3.0,14,64.28,0,0,2,2,0
K Richardson,9,9,4.5,8,112.5,0,0,1,0,0
S Hasan,9,8,4.5,7,128.57,0,0,0,1,0
M Sarwar,9,8,4.5,9,100.0,0,0,1,0,1
B Stanlake,9,7,9.0,12,75.0,0,0,0,0,1
U Ali,9,7,9.0,14,64.28,0,0,0,1,0
T jnr,9,9,4.5,17,52.94,0,0,1,2,0
S Ahmed,9,8,4.5,20,45.0,0,0,1,0,0
A Saad,8,8,4.0,8,100.0,0,0,1,1,0
S Appu,8,6,2.66,14,57.14,0,0,0,0,0
B Banerjee,8,6,4.0,18,44.44,0,0,2,0,0
J Bumrah,8,7,4.0,13,61.53,0,0,1,1,0
H Dandapani,8,5,8.0,15,53.33,0,0,0,0,0
J Freyone,8,4,2.0,29,27.58,0,0,2,0,0
H Dar,8,8,8.0,6,133.33,0,0,0,1,0
N Khanna,8,6,4.0,12,66.66,0,0,0,1,0
K Shah,8,8,8.0,11,72.72,0,0,0,0,0
K Singh,8,6,2.66,16,50.0,0,0,0,0,0
N Liyanage,8,8,4.0,8,100.0,0,0,1,1,0
M Mooketsi,8,3,1.6,24,33.33,0,0,1,0,0
W Peatfield,8,7,8.0,12,66.66,0,0,0,1,0
C Rajitha,8,5,4.0,23,34.78,0,0,1,0,0
S Singh,8,8,8.0,9,88.88,0,0,0,0,0
O Thomas,8,8,4.0,11,72.72,0,0,2,2,0
R Vishwanath,8,5,4.0,10,80.0,0,0,0,1,0
Y Idrees,8,8,8.0,4,200.0,0,0,0,0,1
A Hossain,7,5,3.5,12,58.33,0,0,1,1,0
A Mohammad,7,7,7.0,8,87.5,0,0,0,1,0
P Boissevain,7,7,7.0,7,100.0,0,0,1,1,0
P Chase,7,4,7.0,13,53.84,0,0,0,1,0
D Ahir,7,7,7.0,10,70.0,0,0,0,1,0
P Danci,7,5,7.0,11,63.63,0,0,0,1,0
D Delany,7,7,3.5,6,116.66,0,0,1,0,0
K Malla,7,5,3.5,15,46.66,0,0,0,1,0
R Lakmal,7,5,2.33,11,63.63,0,0,2,1,0
S Mahmood,7,4,7.0,7,100.0,0,0,0,1,0
N Naveen-ul-Haq,7,5,7.0,7,100.0,0,0,0,1,0
Q Ahmed,7,5,7.0,12,58.33,0,0,1,1,0
L Rodrigues,7,4,7.0,12,58.33,0,0,1,1,0
S Khan,7,7,7.0,6,116.66,0,0,0,1,0
T Ahmed,7,7,7.0,11,63.63,0,0,1,1,0
U Sunil,6,6,6.0,4,150.0,0,0,0,0,1
T Braat,6,5,3.0,7,85.71,0,0,0,1,0
D Burgess,6,3,1.5,12,50.0,0,0,2,0,0
S Dima,6,3,3.0,8,75.0,0,0,0,0,0
L Evile,6,6,6.0,7,85.71,0,0,0,1,0
R Hekure,6,2,2.0,12,50.0,0,0,0,0,0
J Ahmadi,6,6,3.0,7,85.71,0,0,1,1,0
D Maisuria,6,6,6.0,11,54.54,0,0,1,0,0
I Master,6,4,3.0,8,75.0,0,0,0,1,0
J Mulder,6,5,3.0,11,54.54,0,0,1,0,0
L Ngidi,6,4,6.0,9,66.66,0,0,0,0,0
O Hayat,6,5,3.0,4,150.0,0,0,0,0,0
S Ali,6,6,3.0,10,60.0,0,0,1,0,0
O Smith,6,6,6.0,5,120.0,0,0,0,1,0
H Tyler,6,6,6.0,9,66.66,0,0,0,0,0
C Young,6,2,3.0,11,54.54,0,0,0,0,0
S Abbott,5,5,5.0,8,62.5,0,0,0,1,0
A Rahman,5,3,1.66,8,62.5,0,0,1,0,0
A Ahmed,5,5,5.0,13,38.46,0,0,0,0,0
M Baig,5,5,1.25,12,41.66,0,0,3,1,0
A Bhagwat,5,3,1.25,16,31.25,0,0,1,0,0
A Bohara,5,3,1.66,12,41.66,0,0,2,0,0
T Caruana,5,5,5.0,13,38.46,0,0,0,0,0
H Shahzad,5,5,2.5,9,55.55,0,0,1,1,0
I Ali,5,5,5.0,6,83.33,0,0,1,0,0
J Siddique,5,3,1.66,17,29.41,0,0,1,0,0
I Katzarski,5,3,2.5,12,41.66,0,0,0,0,0
T Kimber,5,2,1.66,13,38.46,0,0,0,0,0
A Krishna,5,4,5.0,3,166.66,0,0,0,1,0
A McCarthy,5,5,5.0,8,62.5,0,0,0,0,0
M Hasnain,5,4,5.0,12,41.66,0,0,0,1,0
A Morris,5,3,2.5,17,29.41,0,0,1,0,0
G Munasinghe,5,4,1.66,13,38.46,0,0,2,1,0
A Nanda,5,5,5.0,5,100.0,0,0,0,1,0
G Ntambalika,5,5,5.0,11,45.45,0,0,0,0,0
P Rasool,5,5,5.0,6,83.33,0,0,0,0,0
N Patel,5,5,5.0,10,50.0,0,0,1,0,0
D Paterson,5,4,5.0,2,250.0,0,0,0,1,0
K Rabada,5,5,2.5,12,41.66,0,0,2,0,0
B Scholtz,5,3,5.0,10,50.0,0,0,1,0,0
M Spry,5,3,5.0,11,45.45,0,0,0,0,0
C Vorster,5,5,5.0,8,62.5,0,0,0,0,0
T Astle,4,3,2.0,10,40.0,0,0,0,0,0
B Singh,4,3,1.33,16,25.0,0,0,1,0,0
S Bhudia,4,3,2.0,16,25.0,0,0,1,0,0
Y Chahal,4,3,4.0,9,44.44,0,0,0,0,0
A Dursak,4,3,1.0,24,16.66,0,0,2,0,0
C Emmott,4,4,2.0,11,36.36,0,0,1,0,0
I Rizan,4,3,2.0,14,28.57,0,0,0,0,0
H Ivanov,4,4,4.0,6,66.66,0,0,0,0,0
M Koc,4,4,4.0,15,26.66,0,0,1,0,0
C Kumara,4,4,4.0,2,200.0,0,0,0,1,0
M Khurram,4,3,1.33,20,20.0,0,0,1,0,0
M Rafique,4,4,4.0,5,80.0,0,0,0,0,0
P Singh,4,2,4.0,7,57.14,0,0,0,0,0
C Suryawanshi,4,4,2.0,6,66.66,0,0,1,0,0
K Suttisan,4,4,2.0,5,80.0,0,0,1,1,0
T Ulutuna,4,4,1.33,9,44.44,0,0,2,1,0
S Vashisht,4,4,4.0,6,66.66,0,0,0,1,0
A Jayed,3,2,1.5,7,42.85,0,0,0,0,0
G Agius,3,3,1.5,15,20.0,0,0,1,0,0
A Hayat,3,3,1.5,6,50.0,0,0,1,0,0
A Mahboob,3,1,0.75,14,21.42,0,0,2,0,0
P Bhart,3,2,3.0,17,17.64,0,0,1,0,0
S Byrne,3,3,1.5,9,33.33,0,0,1,0,0
D Puente,3,2,3.0,7,42.85,0,0,0,0,0
S Silva,3,3,1.5,7,42.85,0,0,1,0,0
F Ali,3,2,1.0,14,21.42,0,0,1,0,0
W Gavera,3,2,1.5,6,50.0,0,0,0,0,0
I Nashath,3,3,3.0,5,60.0,0,0,1,0,0
J Maroofkhail,3,3,3.0,8,37.5,0,0,0,0,0
M Data,3,3,3.0,5,60.0,0,0,0,0,0
R Olipa,3,3,3.0,4,75.0,0,0,0,0,0
L Rajbanshi,3,3,3.0,7,42.85,0,0,0,0,0
L Simango,3,2,3.0,4,75.0,0,0,0,0,0
R Ulutuna,3,1,0.75,16,18.75,0,0,1,0,0
S Waththage,3,3,3.0,5,60.0,0,0,0,0,0
A Mahmood,2,2,2.0,2,100.0,0,0,0,0,0
N Advani,2,2,2.0,4,50.0,0,0,0,0,0
A Alam,2,1,1.0,9,22.22,0,0,1,0,0
A Quadir,2,2,2.0,12,16.66,0,0,0,0,0
A Hayat,2,2,1.0,7,28.57,0,0,1,0,0
P Buccimazza,2,1,1.0,13,15.38,0,0,0,0,0
H Dajc,2,2,2.0,3,66.66,0,0,1,0,0
M Fernando,2,2,2.0,2,100.0,0,0,0,0,0
C Fry,2,2,2.0,6,33.33,0,0,0,0,0
B Glover,2,1,2.0,8,25.0,0,0,1,0,0
J Hamoud,2,2,2.0,4,50.0,0,0,0,0,0
I Ahmed,2,1,2.0,3,66.66,0,0,0,0,0
S Kansoy,2,2,0.5,7,28.57,0,0,3,0,0
I Lisboa,2,2,2.0,3,66.66,0,0,0,0,0
M Yar,2,2,2.0,6,33.33,0,0,0,0,0
S Nadigotla,2,2,2.0,6,33.33,0,0,0,0,0
W Nalisa,2,1,2.0,4,50.0,0,0,1,0,0
A Ndlovu,2,2,2.0,4,50.0,0,0,0,0,0
N Kamawi,2,2,2.0,7,28.57,0,0,0,0,0
S Saeed,2,2,2.0,4,50.0,0,0,0,0,0
S Ali,2,2,2.0,6,33.33,0,0,0,0,0
S Hossain,2,2,2.0,5,40.0,0,0,0,0,0
S Vijayakumar,2,1,1.0,5,40.0,0,0,0,0,0
W Khan,2,2,2.0,3,66.66,0,0,1,0,0
U Yadav,2,2,2.0,4,50.0,0,0,0,0,0
Z Abbasi,1,1,1.0,5,20.0,0,0,0,0,0
J Allen,1,1,1.0,4,25.0,0,0,1,0,0
H Alta,1,1,0.33,10,10.0,0,0,3,0,0
B Angeltti,1,1,1.0,4,25.0,0,0,0,0,0
A Malik,1,1,0.25,4,25.0,0,0,3,0,0
S Bhari,1,1,1.0,5,20.0,0,0,1,0,0
B Dugic,1,1,1.0,4,25.0,0,0,0,0,0
G Eranga,1,1,1.0,1,100.0,0,0,0,0,0
A Evans,1,1,0.2,10,10.0,0,0,5,0,0
L Ferguson,1,1,1.0,3,33.33,0,0,0,0,0
P Florin,1,1,1.0,1,100.0,0,0,1,0,0
M Garratt,1,1,1.0,5,20.0,0,0,0,0,0
A Gavde,1,1,1.0,6,16.66,0,0,0,0,0
G Hyde,1,1,1.0,6,16.66,0,0,0,0,0
B Khumalo,1,1,1.0,3,33.33,0,0,0,0,0
V Kingma,1,1,1.0,5,20.0,0,0,0,0,0
B Muzarabani,1,1,1.0,5,20.0,0,0,1,0,0
R Neale,1,1,0.5,6,16.66,0,0,1,0,0
E Ringera,1,1,1.0,3,33.33,0,0,0,0,0
O Arthur,1,1,1.0,1,100.0,0,0,0,0,0
M Sarenac,1,1,1.0,2,50.0,0,0,0,0,0
S Shirzad,1,1,1.0,2,50.0,0,0,0,0,0
K Silva,1,1,0.5,6,16.66,0,0,1,0,0
A Stephen,1,1,1.0,2,50.0,0,0,0,0,0
T Turan,1,1,0.25,17,5.88,0,0,3,0,0
W Ali,1,1,1.0,4,25.0,0,0,0,0,0
Z Hassan,1,1,1.0,2,50.0,0,0,0,0,0
Z Abbas,1,1,1.0,4,25.0,0,0,0,0,0
A Shakoor,0,0,0.0,3,0.0,0,0,1,0,0
C Akyuz,0,0,0.0,3,0.0,0,0,2,0,0
M Aponso,0,0,0.0,2,0.0,0,0,1,0,0
S Arachchige,0,0,0.0,2,0.0,0,0,1,0,0
A Said,0,0,0.0,1,0.0,0,0,1,0,0
S Atai,0,0,0.0,1,0.0,0,0,1,0,0
M Bhanuka,0,0,0.0,1,0.0,0,0,1,0,0
I Civric,0,0,0.0,1,0.0,0,0,1,0,0
S Dalton,0,0,0.0,1,0.0,0,0,1,0,0
E Nawaz,0,0,0.0,2,0.0,0,0,1,0,0
M Faheem,0,0,0.0,2,0.0,0,0,1,0,0
G Galanis,0,0,0.0,1,0.0,0,0,1,0,0
G Yusuf,0,0,0.0,1,0.0,0,0,1,0,0
L Gharasim,0,0,0.0,1,0.0,0,0,1,0,0
M Goonetilleke,0,0,0.0,1,0.0,0,0,1,0,0
P Kerai,0,0,0.0,1,0.0,0,0,1,0,0
C Liyanage,0,0,0.0,1,0.0,0,0,1,0,0
O Marshall,0,0,0.0,3,0.0,0,0,1,0,0
M Meade,0,0,0.0,2,0.0,0,0,1,0,0
M Nazir,0,0,0.0,2,0.0,0,0,1,0,0
T Mills,0,0,0.0,2,0.0,0,0,1,0,0
M Shaheen,0,0,0.0,3,0.0,0,0,1,0,0
N Ahmed,0,0,0.0,1,0.0,0,0,1,0,0
L Nussbaumer,0,0,0.0,1,0.0,0,0,1,0,0
A Orfila,0,0,0.0,2,0.0,0,0,1,0,0
T Phaswana,0,0,0.0,3,0.0,0,0,1,0,0
R Rivas,0,0,0.0,1,0.0,0,0,1,0,0
I Sawmy,0,0,0.0,2,0.0,0,0,1,0,0
T Shamsi,0,0,0.0,5,0.0,0,0,1,0,0
B Shikongo,0,0,0.0,1,0.0,0,0,1,0,0
B Simango,0,0,0.0,2,0.0,0,0,1,0,0
M Simmons,0,0,0.0,2,0.0,0,0,1,0,0
M Simpson-Parker,0,0,0.0,2,0.0,0,0,1,0,0
S Singh,0,0,0.0,9,0.0,0,0,1,0,0
L Sipamla,0,0,0.0,1,0.0,0,0,1,0,0
S Soosiyakumar,0,0,0.0,2,0.0,0,0,1,0,0
E Soto,0,0,0.0,2,0.0,0,0,1,0,0
L Sreekumar,0,0,0.0,1,0.0,0,0,1,0,0
Z Rehman,0,0,0.0,4,0.0,0,0,1,0,0
M Agarwal,999,70,29.82,783,127.59,0,7,9,78,48
R Dhawan,899,57,33.95,696,129.17,0,2,6,99,51
B Rajapaksa,1287,55,27.88,1053,122.22,0,5,3,98,39
B Howell,1419,45,36.65,1118,126.92,0,2,6,98,45
P Mankad,1488,66,41.11,1200,124.0,0,5,1,75,40
J Sharma,1080,67,34.03,690,156.52,0,1,9,81,42
R Tripathi,952,48,37.86,784,121.43,0,2,9,90,55
A Sharma,1147,44,24.83,999,114.81,0,4,3,97,50
A Samad,1178,59,33.53,744,158.33,0,4,2,85,49
V Vinod,1332,61,33.09,1044,127.59,0,1,3,85,42
P Garg,1887,68,42.21,1377,137.04,0,2,4,96,42
R Samarth,1089,61,25.6,792,137.5,0,6,2,101,43
S Samson,1440,63,23.83,1120,128.57,0,2,4,103,48
D Padikkal,1376,46,29.0,1204,114.29,0,5,6,93,47
Y Jaiswal,1550,61,25.8,1450,106.9,0,7,9,91,44
R Parag,1435,69,33.44,1189,120.69,0,6,2,77,44
K Nair,1089,59,35.98,858,126.92,0,4,3,88,45
R Dussen,1734,68,29.49,1377,125.93,0,1,6,96,49
D Jurel,1190,52,26.9,918,129.63,0,6,8,83,47
S Garhwal,1085,65,27.95,868,125.0,0,2,5,84,44
D Karthik,1452,69,36.01,1232,117.86,0,2,8,94,55
A Rawat,1015,76,30.71,725,140.0,0,6,3,87,47
M Lomror,1225,44,29.2,805,152.17,0,3,1,77,40
S Prabhudessai,1216,56,33.94,1102,110.34,0,1,3,100,45
L Sisodia,992,60,38.13,806,123.08,0,0,4,92,51
I Kishan,1872,62,36.95,1404,133.33,0,0,5,84,40
S Yadav,1813,71,33.43,1225,148.0,0,7,4,79,47
D Brevis,1820,47,32.19,1352,134.62,0,5,6,75,55
T Varma,1406,60,24.02,925,152.0,0,7,5,76,45
S Yadav,1026,71,32.24,621,165.22,0,4,9,101,46
A Singh,1443,72,34.02,1131,127.59,0,5,9,98,43
A Juyal,1023,42,40.26,891,114.81,0,6,8,91,44
R Buddhi,1312,57,33.05,1025,128.0,0,6,9,74,55
A Rayudu,1312,74,40.18,1148,114.29,0,4,3,87,52
R Gaikwad,1386,44,23.68,1218,113.79,0,5,6,103,51
R Uthappa,1360,70,29.91,1120,121.43,0,7,2,78,44
D Conway,1872,43,38.8,1104,169.57,0,6,0,80,52
N Jagadeesan,999,43,26.29,675,148.0,0,4,4,78,48
S Senapati,1178,52,26.36,744,158.33,0,4,9,75,43
B Varma,1122,47,29.38,952,117.86,0,1,7,91,52
H Nishaanth,1672,60,39.86,1232,135.71,0,3,1,84,53
V Iyer,1584,53,30.7,1012,156.52,0,5,1,77,41
A Rahane,1512,62,23.78,1134,133.33,0,1,0,74,54
S Jackson,1110,74,39.7,840,132.14,0,6,8,97,50
A Tomar,1408,44,29.35,1144,123.08,0,1,5,75,39
B Indrajith,1656,54,33.26,1196,138.46,0,3,7,101,55
P Shaw,1692,68,35.5,1128,150.0,0,0,1,80,39
S Bharat,1287,53,38.8,858,150.0,0,7,0,98,48
Y Dhull,1271,54,39.88,1107,114.81,0,2,5,95,51
A Hebbar,1444,64,30.11,950,152.0,0,1,0,85,50
D Hooda,1344,67,33.09,966,139.13,0,3,6,78,51
K Mayers,1152,55,24.06,928,124.14,0,2,3,91,48
A Badoni,1404,51,39.75,972,144.44,0,2,1,79,46
M Vohra,1326,46,27.47,1053,125.93,0,4,8,76,41
S Gill,1435,46,40.26,984,145.83,0,1,5,79,47
A Manohar,1440,76,24.2,1040,138.46,0,7,2,103,54
M Wade,1122,74,30.36,858,130.77,0,0,2,83,42
W Saha,1023,52,41.21,957,106.9,0,3,8,75,52
S Sudharsan,928,58,41.28,696,133.33,0,3,8,102,49
N Ojha,1190,42,40.54,918,129.63,0,0,4,91,51
B Sharma,1116,45,33.82,1044,106.9,0,1,2,98,44
S Watson,1085,76,36.87,945,114.81,0,0,5,94,39
S Baby,1443,52,30.68,936,154.17,0,2,3,85,48
S Binny,1155,44,42.56,805,143.48,0,4,8,77,50
S Aravind,1512,66,38.44,1176,128.57,0,0,6,86,45
A Choudhary,1221,62,25.54,1073,113.79,0,6,6,81,54
M Tiwary,1470,47,35.14,966,152.17,0,2,3,88,42
R Bhatia,1190,63,25.73,980,121.43,0,0,7,98,53
A Dinda,1558,73,40.65,984,158.33,0,0,0,99,50
B McCullum,961,56,29.93,806,119.23,0,7,0,93,40
M Gony,1404,72,29.65,1044,134.48,0,1,5,89,49
P Kumar,1794,58,34.19,1288,139.29,0,3,3,78,46
S Jakati,1558,67,35.98,1189,131.03,0,4,7,101,47
D Kulkarni,1862,49,35.26,1274,146.15,0,3,0,75,53
S Kaushik,1116,63,25.9,1008,110.71,0,0,3,87,51
G Gambhir,1376,69,27.76,1118,123.08,0,6,5,74,51
Y Pathan,1326,43,25.88,850,156.0,0,1,3,84,55
C Woakes,1938,65,34.93,1326,146.15,0,4,2,103,49
P Chawla,1408,63,34.04,1012,139.13,0,4,6,74,48
M Sharma,1054,76,41.17,884,119.23,0,7,8,97,40
P Negi,1482,72,28.84,1014,146.15,0,1,7,77,46
I Abdulla,2067,58,30.54,1537,134.48,0,2,8,97,40
A Tare,1120,48,29.23,805,139.13,0,7,1,76,52
A Mishra,1120,56,38.87,800,140.0,0,0,6,83,41
I Sharma,924,66,38.58,700,132.0,0,1,0,92,40
B Sran,896,64,41.53,672,133.33,0,3,5,90,45
S Marsh,1344,42,36.43,1092,123.08,0,2,8,96,55
G Singh,1716,46,25.11,1248,137.5,0,1,3,96,52
M Johnson,1122,62,25.4,858,130.77,0,6,2,96,52
A Nath,1443,60,36.7,936,154.17,0,7,8,84,47
S Agarwal,962,64,33.86,702,137.04,0,4,1,87,44
N Singh,1332,75,33.05,925,144.0,0,5,5,87,46
A Soni,1295,60,25.57,925,140.0,0,3,4,78,45
A Bawne,1258,63,27.62,999,125.93,0,7,0,92,52
I Pathan,1254,69,42.22,912,137.5,0,0,5,97,53
S Tiwary,1188,60,30.9,972,122.22,0,0,8,77,51
I Jaggi,1178,55,39.99,988,119.23,0,4,9,90,46
K Khejroliya,1224,73,30.59,936,130.77,0,2,4,101,44
B Laughlin,1406,44,29.92,999,140.74,0,6,4,103,55
M Vijay,1365,48,35.0,936,145.83,0,4,3,74,42
R Bhui,1440,66,28.07,1170,123.08,0,6,1,101,47
D Shorey,1312,47,25.92,1066,123.08,0,7,2,74,52
M Krishna,1333,47,32.15,1204,110.71,0,4,0,95,39
S Goswami,1330,42,36.79,840,158.33,0,7,7,82,39
P Chopra,1488,48,34.12,1104,134.78,0,5,5,99,53
J Scantlebury-Searles,864,51,25.47,756,114.29,0,0,9,85,39
C Ingram,1470,61,24.28,966,152.17,0,1,0,80,53
R Salam,1938,65,23.67,1275,152.0,0,2,0,82,40
G Viljoen,868,51,29.83,672,129.17,0,0,8,78,42
C Varun,1120,56,31.73,768,145.83,0,7,4,85,48
N Naik,1320,69,42.04,960,137.5,0,0,9,86,49
G Vihari,1404,66,33.89,1053,133.33,0,5,2,101,46
P Barman,1292,45,29.34,1064,121.43,0,3,2,93,40
S Midhun,1443,46,38.73,999,144.44,0,1,1,77,54
H Gurney,1152,65,40.84,736,156.52,0,0,2,79,41
S Lad,945,64,40.97,729,129.63,0,5,9,91,53
Y Raj,1408,55,35.91,1188,118.52,0,0,0,96,54
S Warrier,1248,74,33.29,864,144.44,0,2,7,86,48
J Pattinson,1020,64,31.07,750,136.0,0,4,1,91,41
J Philippe,1584,64,25.28,1248,126.92,0,7,3,94,41
C Green,1470,64,36.38,1008,145.83,0,5,1,87,48
M Kumar,1520,72,41.04,1080,140.74,0,7,6,97,44
R Patidar,1044,62,30.28,812,128.57,0,4,1,80,45
K Jamieson,1364,66,24.71,1188,114.81,0,1,7,98,55
J Saxena,1550,66,31.1,1350,114.81,0,7,1,98,44
L Meriwala,1209,52,25.78,744,162.5,0,7,4,88,46
K Bharat,1683,53,29.42,1275,132.0,0,4,9,97,46
G Garton,1092,50,33.13,728,150.0,0,5,0,82,43
B Sudharsan,1224,43,37.69,828,147.83,0,3,2,85,53
H Rana,1080,65,36.12,780,138.46,0,7,3,88,39
K Kartikeya,1295,64,27.49,1073,120.69,0,1,4,98,51
T Stubbs,1216,70,29.4,736,165.22,0,1,4,88,53
M Pathirana,1295,56,31.39,999,129.63,0,4,4,82,42
R Yadav,1462,74,33.94,1118,130.77,0,2,3,90,50
N Ojha,1596,70,39.34,1050,152.0,0,2,6,85,40
B Sharma,1520,68,31.2,1000,152.0,0,2,3,97,50
S Watson,1785,49,37.78,1479,120.69,0,1,8,76,39
S Baby,1248,66,33.36,1053,118.52,0,6,1,77,50
S Binny,1833,42,40.76,1128,162.5,0,6,0,82,53
S Aravind,1716,61,42.58,1276,134.48,0,2,5,78,47
A Choudhary,1632,53,24.78,1392,117.24,0,2,3,84,48
M Tiwary,1404,57,29.41,900,156.0,0,4,8,81,47
R Bhatia,930,65,30.34,870,106.9,0,1,0,99,46
A Dinda,1292,73,24.22,912,141.67,0,1,1,78,45
B McCullum,992,50,27.02,800,124.0,0,2,0,86,46
M Gony,837,50,31.12,756,110.71,0,7,0,103,43
P Kumar,1088,63,40.55,884,123.08,0,7,5,101,45
S Jakati,928,62,40.13,696,133.33,0,5,3,92,41
D Kulkarni,1716,68,34.63,1232,139.29,0,2,8,80,39
S Kaushik,1147,55,37.77,837,137.04,0,4,8,97,48
G Gambhir,1638,67,25.56,1134,144.44,0,0,7,77,45
Y Pathan,1612,60,39.42,1508,106.9,0,0,9,89,43
C Woakes,1911,50,32.91,1323,144.44,0,5,0,75,50
P Chawla,1170,57,37.67,840,139.29,0,3,9,95,54
M Sharma,1024,72,41.03,800,128.0,0,0,7,74,48
P Negi,1512,70,23.49,966,156.52,0,4,4,97,50
I Abdulla,1147,62,29.13,899,127.59,0,4,2,85,50
A Tare,899,43,33.94,754,119.23,0,5,1,91,40
A Mishra,1224,56,40.89,936,130.77,0,6,7,102,45
I Sharma,1558,46,28.43,1189,131.03,0,2,8,83,40
B Sran,1938,66,31.76,1173,165.22,0,3,1,85,50
S Marsh,1632,44,37.74,1200,136.0,0,0,0,86,48
G Singh,1120,75,42.29,910,123.08,0,3,9,94,44
M Johnson,1400,50,33.07,920,152.17,0,1,2,84,49
A Nath,1330,48,41.06,910,146.15,0,6,4,76,45
S Agarwal,1140,56,29.43,810,140.74,0,0,3,84,54
N Singh,1656,70,26.6,1288,128.57,0,7,3,96,46
A Soni,1120,70,34.71,945,118.52,0,0,3,87,40
A Bawne,1462,57,31.32,989,147.83,0,7,7,100,46
I Pathan,986,49,30.47,783,125.93,0,1,9,90,42
S Tiwary,1056,72,40.88,832,126.92,0,1,1,94,53
I Jaggi,1472,42,24.0,1196,123.08,0,7,7,89,43
K Khejroliya,1332,59,27.53,900,148.0,0,3,1,95,52
B Laughlin,924,50,23.69,784,117.86,0,3,1,96,51
M Vijay,1568,71,27.5,1421,110.34,0,5,9,96,42
R Bhui,1482,61,40.13,1064,139.29,0,1,9,102,53
D Shorey,896,46,30.51,672,133.33,0,7,5,98,45
M Krishna,1813,58,37.38,1323,137.04,0,2,2,88,46
S Goswami,1224,73,29.37,1008,121.43,0,6,5,88,47
P Chopra,1872,61,36.37,1248,150.0,0,6,8,100,51
J Scantlebury-Searles,1564,60,28.5,1150,136.0,0,6,1,93,51
C Ingram,1258,66,28.68,1036,121.43,0,5,3,79,43
R Salam,1170,45,26.03,720,162.5,0,2,6,100,40
G Viljoen,1406,60,35.46,1073,131.03,0,7,0,74,42
C Varun,1530,45,33.4,1305,117.24,0,4,9,89,39
N Naik,1702,62,39.81,1242,137.04,0,5,0,82,53
G Vihari,1064,48,35.38,644,165.22,0,4,6,102,52
P Barman,1056,62,34.63,924,114.29,0,2,3,101,43
S Midhun,1085,49,34.55,868,125.0,0,4,5,100,55
H Gurney,1824,58,30.85,1248,146.15,0,3,9,79,40
S Lad,1178,72,25.46,775,152.0,0,6,9,80,42
Y Raj,1426,52,38.83,1242,114.81,0,1,1,80,48
S Warrier,884,48,34.63,650,136.0,0,7,7,100,52
J Pattinson,1444,71,31.92,988,146.15,0,1,1,84,47
J Philippe,1908,75,26.62,1325,144.0,0,0,2,99,48
C Green,1620,43,33.37,1215,133.33,0,4,6,85,51
M Kumar,1258,58,31.58,999,125.93,0,7,6,86,46
R Patidar,1485,61,40.96,1215,122.22,0,4,5,88,41
K Jamieson,1715,59,41.88,1421,120.69,0,1,7,98,50
J Saxena,1575,63,36.75,1080,145.83,0,2,3,103,54
L Meriwala,1836,56,37.05,1377,133.33,0,0,5,91,46
K Bharat,1600,75,40.15,1250,128.0,0,1,5,101,43
G Garton,1440,76,27.93,1215,118.52,0,0,3,103,54
B Sudharsan,1519,58,26.48,1372,110.71,0,0,1,92,46
H Rana,1596,72,28.27,1008,158.33,0,0,0,90,42
K Kartikeya,1482,55,42.19,1092,135.71,0,5,3,95,49
T Stubbs,1419,47,37.55,1161,122.22,0,2,8,77,52
M Pathirana,1271,75,39.76,1066,119.23,0,0,5,99,49
R Yadav,1600,75,27.15,1250,128.0,0,0,1,95,47
N Ojha,1152,69,40.69,896,128.57,0,2,3,88,51
S Watson,1764,58,33.76,1421,124.14,0,3,3,82,39
S Baby,1280,61,37.51,960,133.33,0,3,9,84,41
S Binny,1680,55,27.58,1200,140.0,0,3,6,100,39
M Tiwary,1632,60,27.3,1200,136.0,0,1,9,83,50
B McCullum,1480,62,37.32,1120,132.14,0,1,2,80,52
S Kaushik,1287,76,30.2,924,139.29,0,7,5,80,55
G Gambhir,1254,75,37.33,912,137.5,0,5,8,76,39
P Chawla,1961,73,38.96,1484,132.14,0,0,6,94,53
P Negi,1666,74,36.71,1323,125.93,0,3,2,101,50
A Mishra,1530,52,25.11,1215,125.93,0,3,7,85,55
B Sran,1302,59,29.48,1092,119.23,0,2,3,75,51
M Johnson,1435,75,35.34,1107,129.63,0,5,9,87,54
A Soni,1820,60,37.21,1404,129.63,0,1,5,99,49
S Tiwary,1364,59,30.6,1232,110.71,0,0,4,81,44
M Vijay,1645,65,23.6,1316,125.0,0,4,7,103,49
R Bhui,1435,55,33.74,1107,129.63,0,6,2,93,51
D Shorey,1225,73,39.04,875,140.0,0,7,8,95,55
J Scantlebury-Searles,1330,71,33.44,1026,129.63,0,1,4,91,47
C Ingram,1600,47,24.77,1250,128.0,0,7,1,83,53
R Salam,1596,60,39.11,1176,135.71,0,3,8,79,47
C Varun,1440,63,33.3,1040,138.46,0,3,3,92,43
G Vihari,1521,50,37.55,1131,134.48,0,1,6,95,49
S Midhun,992,60,24.21,736,134.78,0,2,4,87,43
H Gurney,1739,42,37.39,1128,154.17,0,2,7,98,52
Y Raj,1584,54,37.63,1188,133.33,0,7,0,98,40
J Pattinson,1802,64,24.55,1272,141.67,0,1,8,99,49
J Philippe,1610,65,35.98,1242,129.63,0,4,0,87,55
R Patidar,1785,68,39.32,1224,145.83,0,2,2,75,45
G Garton,1426,42,30.56,1104,129.17,0,2,5,95,44
T Stubbs,1147,52,31.04,925,124.0,0,5,4,83,53
